Marker,Chrom,Position,M165,M397,MRIL001,MRIL002,MRIL003,MRIL004,MRIL005,MRIL006,MRIL007,MRIL008,MRIL009,MRIL010,MRIL011,MRIL012,MRIL013,MRIL014,MRIL015,MRIL017,MRIL018,MRIL019,MRIL021,MRIL022,MRIL023,MRIL024,MRIL025,MRIL026,MRIL027,MRIL028,MRIL029,MRIL030,MRIL031,MRIL032,MRIL034,MRIL035,MRIL036,MRIL037,MRIL038,MRIL039,MRIL040,MRIL041,MRIL042,MRIL043,MRIL044,MRIL045,MRIL046,MRIL047,MRIL048,MRIL049,MRIL050,MRIL052,MRIL053,MRIL054,MRIL056,MRIL058,MRIL059,MRIL060,MRIL061,MRIL062,MRIL063,MRIL064,MRIL065,MRIL066,MRIL067,MRIL068,MRIL071,MRIL073,MRIL074,MRIL076,MRIL077,MRIL078,MRIL079,MRIL080,MRIL081,MRIL083,MRIL085,MRIL086,MRIL087,MRIL088,MRIL090,MRIL091,MRIL092,MRIL093,MRIL095,MRIL097,MRIL099,MRIL101,MRIL102,MRIL103,MRIL104,MRIL105,MRIL106,MRIL107,MRIL109,MRIL110,MRIL111,MRIL113,MRIL114,MRIL116,MRIL117,MRIL118,MRIL120,MRIL121,MRIL123,MRIL125,MRIL126,MRIL128,MRIL131,MRIL132,MRIL133,MRIL134,MRIL135,MRIL136,MRIL137,MRIL138,MRIL139,MRIL140,MRIL141,MRIL143,MRIL144,MRIL145,MRIL146,MRIL147,MRIL148,MRIL149,MRIL150,MRIL151,MRIL152,MRIL153,MRIL154,MRIL155,MRIL157,MRIL158,MRIL159,MRIL160,MRIL161,MRIL162,MRIL163,MRIL164,MRIL165,MRIL167,MRIL168,MRIL169,MRIL171,MRIL172,MRIL174,MRIL175,MRIL176,MRIL177,MRIL178,MRIL179,MRIL180,MRIL181,MRIL183,MRIL184,MRIL185,MRIL186,MRIL187,MRIL189,MRIL190,MRIL191,MRIL193,MRIL194,MRIL195,MRIL197,MRIL198,MRIL199,MRIL200,MRIL201,MRIL202,MRIL203,MRIL204,MRIL205,MRIL207,MRIL208,MRIL209,MRIL210,MRIL211,MRIL212,MRIL213,MRIL214,MRIL215,MRIL216,MRIL217,MRIL218,MRIL220,MRIL222,MRIL223,MRIL224,MRIL225,MRIL226,MRIL228,MRIL229,MRIL230,MRIL233,MRIL234,MRIL235,MRIL236,MRIL237,MRIL239,MRIL240,MRIL242,MRIL243,MRIL244,MRIL245,MRIL246,MRIL247,MRIL248,MRIL250,MRIL251,MRIL253,MRIL254,MRIL255,MRIL256,MRIL257,MRIL258,MRIL259,MRIL260,MRIL261,MRIL262,MRIL301
1,7B,1000000,0,2,2,2,2,0,0,2,2,2,0,2,2,0,2,2,2,0,2,2,0,0,2,2,0,2,2,0,2,0,0,2,2,2,0,2,2,2,0,0,0,2,0,2,2,2,0,2,2,2,2,2,0,0,0,2,0,0,2,0,2,0,2,0,2,0,2,0,0,2,0,0,2,2,0,2,0,2,0,0,2,2,2,2,0,2,2,0,2,0,2,0,0,2,0,0,0,0,2,2,0,2,0,2,0,2,0,2,2,2,0,2,2,2,2,0,2,2,0,0,2,2,0,0,2,2,2,0,2,0,0,2,2,0,0,0,0,2,0,0,2,0,2,2,2,2,2,0,2,2,0,2,0,2,2,0,0,0,0,0,2,2,2,0,0,0,0,2,2,0,0,0,2,0,0,0,2,0,2,0,2,0,0,2,0,0,0,2,0,0,2,2,0,2,2,2,2,2,0,0,2,0,0,2,2,0,0,0,0,0,0,0,0,2,2,0,2,0,0,0
2,7B,1200000,0,2,2,2,2,0,0,2,2,2,0,2,2,0,2,2,2,0,2,2,0,0,2,2,0,2,2,0,2,0,0,2,2,2,0,2,2,2,0,0,0,2,0,2,2,2,0,2,2,2,2,2,0,0,0,2,0,0,2,0,2,0,2,0,2,0,2,0,0,2,0,0,2,2,0,2,0,2,0,0,2,2,2,2,0,2,2,0,2,0,2,0,0,2,0,0,0,0,2,2,0,2,0,2,0,2,0,2,2,2,0,2,2,2,2,0,2,2,0,0,2,2,0,0,2,2,2,0,2,0,0,2,2,0,0,0,0,2,0,0,2,0,2,2,2,2,2,0,2,2,0,2,0,2,2,0,0,0,0,0,2,2,2,0,0,0,0,2,2,0,0,0,2,0,0,0,2,0,2,0,2,0,0,2,0,0,0,2,0,0,2,2,0,2,2,2,2,2,0,0,2,0,0,2,2,0,0,0,0,0,0,0,0,2,2,0,2,0,0,0
3,7B,1400000,0,2,2,2,2,0,0,2,2,2,0,2,2,0,2,2,2,0,2,2,0,0,2,2,0,2,2,0,2,0,0,2,2,2,0,2,2,2,0,0,0,2,0,2,2,2,0,2,2,2,2,2,0,0,0,2,0,0,2,0,2,0,2,0,2,0,2,0,0,2,0,0,2,2,0,2,0,2,0,0,2,2,2,2,0,2,2,0,2,0,2,0,0,2,0,0,0,0,2,2,0,2,0,2,0,2,0,2,2,2,0,2,2,2,2,0,2,2,0,0,2,2,0,0,2,2,2,0,2,0,0,2,2,0,0,0,0,2,0,0,2,0,2,2,2,2,2,0,2,2,0,2,0,2,2,0,0,0,0,0,2,2,2,0,0,0,0,2,2,0,0,0,2,0,0,0,2,0,2,0,2,0,0,2,0,0,0,2,0,0,2,2,0,2,2,2,2,2,0,0,2,0,0,2,2,0,0,0,0,0,0,0,0,2,2,0,2,0,0,0
4,7B,1600000,0,2,2,2,2,0,0,2,2,2,0,2,2,0,2,2,2,0,2,2,0,0,2,2,0,2,2,0,2,0,0,2,2,2,0,2,2,2,0,0,0,2,0,2,2,2,0,2,2,2,2,2,0,0,0,2,0,0,2,0,2,0,2,0,2,0,2,0,0,2,0,0,2,2,0,2,0,2,0,0,2,2,2,2,0,2,2,0,2,0,2,0,0,2,0,0,0,0,2,2,0,2,0,2,0,2,0,2,2,2,0,2,2,2,2,0,2,2,0,0,2,2,0,0,2,2,2,0,2,0,0,2,2,0,0,0,0,2,0,0,2,0,2,2,2,2,2,0,2,2,0,2,0,2,2,0,0,0,0,0,2,2,2,0,0,0,0,2,2,0,0,0,2,0,0,0,2,0,2,0,2,0,0,2,0,0,0,2,0,0,2,2,0,2,2,2,2,2,0,0,2,0,0,2,2,0,0,0,0,0,0,0,0,2,2,0,2,0,0,0
5,7B,1800000,0,2,2,2,2,0,0,2,2,2,0,2,2,0,2,2,2,0,2,2,0,0,2,2,0,2,2,0,2,0,0,2,2,2,0,2,2,2,0,0,0,2,0,2,2,2,0,2,2,2,2,2,0,0,0,2,0,0,2,0,2,0,2,0,2,0,2,0,0,2,0,0,2,2,0,2,0,2,0,0,2,2,2,2,0,2,2,0,2,0,2,0,0,2,0,0,0,0,2,2,0,2,0,2,0,2,0,2,2,2,0,2,2,2,2,0,2,2,0,0,2,2,0,0,2,2,2,0,2,0,0,2,2,0,0,0,0,2,0,0,2,0,2,2,2,2,2,0,2,2,0,2,0,2,2,0,0,0,0,0,2,2,2,0,0,0,0,2,2,0,0,0,2,0,0,0,2,0,2,0,2,0,0,2,0,0,0,2,0,0,2,2,0,2,2,2,2,2,0,0,2,0,0,2,2,0,0,0,0,0,0,0,0,2,2,0,2,0,0,0
6,7B,2000000,2,0,2,0,2,2,2,2,2,2,2,2,0,0,0,0,0,2,0,0,2,0,0,2,0,2,0,0,0,2,2,2,2,0,2,2,0,0,0,2,0,0,0,0,2,0,2,0,0,0,0,0,2,0,2,2,2,0,0,0,2,0,0,2,2,2,2,0,2,0,2,0,0,2,0,2,2,2,0,0,2,0,2,0,2,0,0,2,0,0,2,2,0,2,0,2,0,2,0,0,0,2,0,2,0,2,0,2,2,0,0,2,0,0,0,2,0,0,0,0,2,0,2,2,0,0,2,2,0,2,0,0,2,0,0,0,0,0,2,2,0,2,2,0,2,0,2,2,2,0,2,0,0,0,2,0,0,0,2,2,2,0,0,2,0,0,0,2,2,2,2,2,2,2,2,2,2,0,0,2,2,0,0,2,0,2,2,0,0,0,0,0,0,0,0,0,2,0,0,2,0,0,2,0,0,0,0,2,0,2,2,0,0,2,0,2,0,2,0,0
7,7B,2200000,2,0,2,0,2,2,2,2,2,2,2,2,0,0,0,0,0,2,0,0,2,0,0,2,0,2,0,0,0,2,2,2,2,0,2,2,0,0,0,2,0,0,0,0,2,0,2,0,0,0,0,0,2,0,2,2,2,0,0,0,2,0,0,2,2,2,2,0,2,0,2,0,0,2,0,2,2,2,0,0,2,0,2,0,2,0,0,2,0,0,2,2,0,2,0,2,0,2,0,0,0,2,0,2,0,2,0,2,2,0,0,2,0,0,0,2,0,0,0,0,2,0,2,2,0,0,2,2,0,2,0,0,2,0,0,0,0,0,2,2,0,2,2,0,2,0,2,2,2,0,2,0,0,0,2,0,0,0,2,2,2,0,0,2,0,0,0,2,2,2,2,2,2,2,2,2,2,0,0,2,2,0,0,2,0,2,2,0,0,0,0,0,0,0,0,0,2,0,0,2,0,0,2,0,0,0,0,2,0,2,2,0,0,2,0,2,0,2,0,0
8,7B,2400000,2,0,2,0,2,2,2,2,2,2,2,2,0,0,0,0,0,2,0,0,2,0,0,2,0,2,0,0,0,2,2,2,2,0,2,2,0,0,0,2,0,0,0,0,2,0,2,0,0,0,0,0,2,0,2,2,2,0,0,0,2,0,0,2,2,2,2,0,2,0,2,0,0,2,0,2,2,2,0,0,2,0,2,0,2,0,0,2,0,0,2,2,0,2,0,2,0,2,0,0,0,2,0,2,0,2,0,2,2,0,0,2,0,0,0,2,0,0,0,0,2,0,2,2,0,0,2,2,0,2,0,0,2,0,0,0,0,0,2,2,0,2,2,0,2,0,2,2,2,0,2,0,0,0,2,0,0,0,2,2,2,0,0,2,0,0,0,2,2,2,2,2,2,2,2,2,2,0,0,2,2,0,0,2,0,2,2,0,0,0,0,0,0,0,0,0,2,0,0,2,0,0,2,0,0,0,0,2,0,2,2,0,0,2,0,2,0,2,0,0
9,7B,2600000,2,0,2,0,2,2,2,2,2,2,2,2,0,0,0,0,0,2,0,0,2,0,0,2,0,2,0,0,0,2,2,2,2,0,2,2,0,0,0,2,0,0,0,0,2,0,2,0,0,0,0,0,2,0,2,2,2,0,0,0,2,0,0,2,2,2,2,0,2,0,2,0,0,2,0,2,2,2,0,0,2,0,2,0,2,0,0,2,0,0,2,2,0,2,0,2,0,2,0,0,0,2,0,2,0,2,0,2,2,0,0,2,0,0,0,2,0,0,0,0,2,0,2,2,0,0,2,2,0,2,0,0,2,0,0,0,0,0,2,2,0,2,2,0,2,0,2,2,2,0,2,0,0,0,2,0,0,0,2,2,2,0,0,2,0,0,0,2,2,2,2,2,2,2,2,2,2,0,0,2,2,0,0,2,0,2,2,0,0,0,0,0,0,0,0,0,2,0,0,2,0,0,2,0,0,0,0,2,0,2,2,0,0,2,0,2,0,2,0,0
10,7B,2800000,2,0,2,0,2,2,2,2,2,2,2,2,0,0,0,0,0,2,0,0,2,0,0,2,0,2,0,0,0,2,2,2,2,0,2,2,0,0,0,2,0,0,0,0,2,0,2,0,0,0,0,0,2,0,2,2,2,0,0,0,2,0,0,2,2,2,2,0,2,0,2,0,0,2,0,2,2,2,0,0,2,0,2,0,2,0,0,2,0,0,2,2,0,2,0,2,0,2,0,0,0,2,0,2,0,2,0,2,2,0,0,2,0,0,0,2,0,0,0,0,2,0,2,2,0,0,2,2,0,2,0,0,2,0,0,0,0,0,2,2,0,2,2,0,2,0,2,2,2,0,2,0,0,0,2,0,0,0,2,2,2,0,0,2,0,0,0,2,2,2,2,2,2,2,2,2,2,0,0,2,2,0,0,2,0,2,2,0,0,0,0,0,0,0,0,0,2,0,0,2,0,0,2,0,0,0,0,2,0,2,2,0,0,2,0,2,0,2,0,0
11,7B,3000000,2,0,2,2,0,2,2,0,0,0,0,2,0,0,0,0,0,0,0,0,2,2,0,2,2,2,2,0,2,0,2,2,2,2,2,2,2,2,0,0,0,0,2,0,2,2,0,2,2,2,0,2,2,2,2,2,2,0,2,2,0,2,2,2,0,0,2,0,2,0,2,0,0,0,2,2,0,0,0,0,0,2,2,0,0,2,2,0,2,0,2,0,2,0,2,0,0,0,0,2,0,2,2,2,0,2,0,2,0,2,2,0,2,0,0,2,0,2,0,2,0,0,0,0,0,0,0,2,2,2,0,0,2,0,0,0,2,2,0,0,2,0,0,2,2,0,0,2,0,0,0,0,2,2,0,0,2,2,0,2,0,2,2,0,0,0,2,0,0,2,2,0,2,0,2,0,2,2,0,0,2,2,2,0,0,0,0,0,2,2,0,0,2,2,2,2,2,2,0,0,2,0,0,2,0,2,0,2,0,2,0,2,2,0,2,2,0,0,0,0
12,7B,3200000,2,0,2,2,0,2,2,0,0,0,0,2,0,0,0,0,0,0,0,0,2,2,0,2,2,2,2,0,2,0,2,2,2,2,2,2,2,2,0,0,0,0,2,0,2,2,0,2,2,2,0,2,2,2,2,2,2,0,2,2,0,2,2,2,0,0,2,0,2,0,2,0,0,0,2,2,0,0,0,0,0,2,2,0,0,2,2,0,2,0,2,0,2,0,2,0,0,0,0,2,0,2,2,2,0,2,0,2,0,2,2,0,2,0,0,2,0,2,0,2,0,0,0,0,0,0,0,2,2,2,0,0,2,0,0,0,2,2,0,0,2,0,0,2,2,0,0,2,0,0,0,0,2,2,0,0,2,2,0,2,0,2,2,0,0,0,2,0,0,2,2,0,2,0,2,0,2,2,0,0,2,2,2,0,0,0,0,0,2,2,0,0,2,2,2,2,2,2,0,0,2,0,0,2,0,2,0,2,0,2,0,2,2,0,2,2,0,0,0,0
13,7B,3400000,2,0,2,2,0,2,2,0,0,0,0,2,0,0,0,0,0,0,0,0,2,2,0,2,2,2,2,0,2,0,2,2,2,2,2,2,2,2,0,0,0,0,2,0,2,2,0,2,2,2,0,2,2,2,2,2,2,0,2,2,0,2,2,2,0,0,2,0,2,0,2,0,0,0,2,2,0,0,0,0,0,2,2,0,0,2,2,0,2,0,2,0,2,0,2,0,0,0,0,2,0,2,2,2,0,2,0,2,0,2,2,0,2,0,0,2,0,2,0,2,0,0,0,0,0,0,0,2,2,2,0,0,2,0,0,0,2,2,0,0,2,0,0,2,2,0,0,2,0,0,0,0,2,2,0,0,2,2,0,2,0,2,2,0,0,0,2,0,0,2,2,0,2,0,2,0,2,2,0,0,2,2,2,0,0,0,0,0,2,2,0,0,2,2,2,2,2,2,0,0,2,0,0,2,0,2,0,2,0,2,0,2,2,0,2,2,0,0,0,0
14,7B,3600000,2,0,2,2,0,2,2,0,0,0,0,2,0,0,0,0,0,0,0,0,2,2,0,2,2,2,2,0,2,0,2,2,2,2,2,2,2,2,0,0,0,0,2,0,2,2,0,2,2,2,0,2,2,2,2,2,2,0,2,2,0,2,2,2,0,0,2,0,2,0,2,0,0,0,2,2,0,0,0,0,0,2,2,0,0,2,2,0,2,0,2,0,2,0,2,0,0,0,0,2,0,2,2,2,0,2,0,2,0,2,2,0,2,0,0,2,0,2,0,2,0,0,0,0,0,0,0,2,2,2,0,0,2,0,0,0,2,2,0,0,2,0,0,2,2,0,0,2,0,0,0,0,2,2,0,0,2,2,0,2,0,2,2,0,0,0,2,0,0,2,2,0,2,0,2,0,2,2,0,0,2,2,2,0,0,0,0,0,2,2,0,0,2,2,2,2,2,2,0,0,2,0,0,2,0,2,0,2,0,2,0,2,2,0,2,2,0,0,0,0
15,7B,3800000,2,0,2,2,0,2,2,0,0,0,0,2,0,0,0,0,0,0,0,0,2,2,0,2,2,2,2,0,2,0,2,2,2,2,2,2,2,2,0,0,0,0,2,0,2,2,0,2,2,2,0,2,2,2,2,2,2,0,2,2,0,2,2,2,0,0,2,0,2,0,2,0,0,0,2,2,0,0,0,0,0,2,2,0,0,2,2,0,2,0,2,0,2,0,2,0,0,0,0,2,0,2,2,2,0,2,0,2,0,2,2,0,2,0,0,2,0,2,0,2,0,0,0,0,0,0,0,2,2,2,0,0,2,0,0,0,2,2,0,0,2,0,0,2,2,0,0,2,0,0,0,0,2,2,0,0,2,2,0,2,0,2,2,0,0,0,2,0,0,2,2,0,2,0,2,0,2,2,0,0,2,2,2,0,0,0,0,0,2,2,0,0,2,2,2,2,2,2,0,0,2,0,0,2,0,2,0,2,0,2,0,2,2,0,2,2,0,0,0,0
16,7B,4000000,0,2,2,2,0,2,2,0,2,2,2,2,0,2,2,0,0,0,2,2,0,2,0,0,0,0,2,2,2,0,2,2,2,0,0,2,2,0,2,0,2,0,2,2,0,2,0,0,0,0,0,2,0,2,2,0,0,0,0,2,0,0,2,0,2,2,0,0,0,0,0,0,2,0,0,2,2,0,2,0,0,2,0,0,2,0,0,2,0,0,0,2,2,2,0,2,0,2,2,2,0,2,2,0,0,0,0,0,2,0,0,0,2,2,2,2,0,2,0,2,2,2,0,0,0,2,0,2,0,0,0,0,2,2,0,0,2,0,2,2,2,2,0,2,2,2,2,2,0,0,0,2,2,2,0,2,2,2,0,0,2,2,0,0,2,0,2,0,2,0,2,2,2,0,2,0,2,0,0,2,2,0,2,2,0,2,0,0,0,2,0,0,2,0,2,0,2,0,0,2,2,2,2,0,2,2,2,2,2,0,2,0,0,2,2,2,0,0,2,0
17,7B,4200000,0,2,2,2,0,2,2,0,2,2,2,2,0,2,2,0,0,0,2,2,0,2,0,0,0,0,2,2,2,0,2,2,2,0,0,2,2,0,2,0,2,0,2,2,0,2,0,0,0,0,0,2,0,2,2,0,0,0,0,2,0,0,2,0,2,2,0,0,0,0,0,0,2,0,0,2,2,0,2,0,0,2,0,0,2,0,0,2,0,0,0,2,2,2,0,2,0,2,2,2,0,2,2,0,0,0,0,0,2,0,0,0,2,2,2,2,0,2,0,2,2,2,0,0,0,2,0,2,0,0,0,0,2,2,0,0,2,0,2,2,2,2,0,2,2,2,2,2,0,0,0,2,2,2,0,2,2,2,0,0,2,2,0,0,2,0,2,0,2,0,2,2,2,0,2,0,2,0,0,2,2,0,2,2,0,2,0,0,0,2,0,0,2,0,2,0,2,0,0,2,2,2,2,0,2,2,2,2,2,0,2,0,0,2,2,2,0,0,2,0
18,7B,4400000,0,2,2,2,0,2,2,0,2,2,2,2,0,2,2,0,0,0,2,2,0,2,0,0,0,0,2,2,2,0,2,2,2,0,0,2,2,0,2,0,2,0,2,2,0,2,0,0,0,0,0,2,0,2,2,0,0,0,0,2,0,0,2,0,2,2,0,0,0,0,0,0,2,0,0,2,2,0,2,0,0,2,0,0,2,0,0,2,0,0,0,2,2,2,0,2,0,2,2,2,0,2,2,0,0,0,0,0,2,0,0,0,2,2,2,2,0,2,0,2,2,2,0,0,0,2,0,2,0,0,0,0,2,2,0,0,2,0,2,2,2,2,0,2,2,2,2,2,0,0,0,2,2,2,0,2,2,2,0,0,2,2,0,0,2,0,2,0,2,0,2,2,2,0,2,0,2,0,0,2,2,0,2,2,0,2,0,0,0,2,0,0,2,0,2,0,2,0,0,2,2,2,2,0,2,2,2,2,2,0,2,0,0,2,2,2,0,0,2,0
19,7B,4600000,0,2,2,2,0,2,2,0,2,2,2,2,0,2,2,0,0,0,2,2,0,2,0,0,0,0,2,2,2,0,2,2,2,0,0,2,2,0,2,0,2,0,2,2,0,2,0,0,0,0,0,2,0,2,2,0,0,0,0,2,0,0,2,0,2,2,0,0,0,0,0,0,2,0,0,2,2,0,2,0,0,2,0,0,2,0,0,2,0,0,0,2,2,2,0,2,0,2,2,2,0,2,2,0,0,0,0,0,2,0,0,0,2,2,2,2,0,2,0,2,2,2,0,0,0,2,0,2,0,0,0,0,2,2,0,0,2,0,2,2,2,2,0,2,2,2,2,2,0,0,0,2,2,2,0,2,2,2,0,0,2,2,0,0,2,0,2,0,2,0,2,2,2,0,2,0,2,0,0,2,2,0,2,2,0,2,0,0,0,2,0,0,2,0,2,0,2,0,0,2,2,2,2,0,2,2,2,2,2,0,2,0,0,2,2,2,0,0,2,0
20,7B,4800000,0,2,2,2,0,2,2,0,2,2,2,2,0,2,2,0,0,0,2,2,0,2,0,0,0,0,2,2,2,0,2,2,2,0,0,2,2,0,2,0,2,0,2,2,0,2,0,0,0,0,0,2,0,2,2,0,0,0,0,2,0,0,2,0,2,2,0,0,0,0,0,0,2,0,0,2,2,0,2,0,0,2,0,0,2,0,0,2,0,0,0,2,2,2,0,2,0,2,2,2,0,2,2,0,0,0,0,0,2,0,0,0,2,2,2,2,0,2,0,2,2,2,0,0,0,2,0,2,0,0,0,0,2,2,0,0,2,0,2,2,2,2,0,2,2,2,2,2,0,0,0,2,2,2,0,2,2,2,0,0,2,2,0,0,2,0,2,0,2,0,2,2,2,0,2,0,2,0,0,2,2,0,2,2,0,2,0,0,0,2,0,0,2,0,2,0,2,0,0,2,2,2,2,0,2,2,2,2,2,0,2,0,0,2,2,2,0,0,2,0
21,7B,5000000,2,2,0,0,0,0,0,0,2,0,2,2,0,2,0,0,0,0,2,2,2,2,0,2,2,0,0,2,0,2,2,0,0,2,2,2,2,2,2,2,0,2,2,2,2,2,2,2,0,2,0,0,0,0,0,0,0,0,2,0,2,2,0,0,0,2,2,0,2,2,2,0,0,0,2,2,2,2,2,0,0,0,0,2,0,0,2,0,2,2,0,0,2,0,2,2,2,0,2,2,0,2,2,0,0,0,2,2,2,0,0,2,2,0,2,2,0,2,2,2,0,2,0,0,0,2,2,0,2,0,0,0,2,0,0,0,0,0,2,2,0,0,2,0,0,0,2,2,0,0,2,0,0,2,0,2,2,2,2,2,0,2,0,2,0,0,0,0,0,2,0,0,0,0,0,2,0,0,0,0,0,2,2,2,2,2,2,0,2,2,0,2,2,0,0,2,2,2,0,0,0,2,2,2,0,2,0,0,0,0,2,2,0,2,0,0,0,2,0,2
22,7B,5200000,2,2,0,0,0,0,0,0,2,0,2,2,0,2,0,0,0,0,2,2,2,2,0,2,2,0,0,2,0,2,2,0,0,2,2,2,2,2,2,2,0,2,2,2,2,2,2,2,0,2,0,0,0,0,0,0,0,0,2,0,2,2,0,0,0,2,2,0,2,2,2,0,0,0,2,2,2,2,2,0,0,0,0,2,0,0,2,0,2,2,0,0,2,0,2,2,2,0,2,2,0,2,2,0,0,0,2,2,2,0,0,2,2,0,2,2,0,2,2,2,0,2,0,0,0,2,2,0,2,0,0,0,2,0,0,0,0,0,2,2,0,0,2,0,0,0,2,2,0,0,2,0,0,2,0,2,2,2,2,2,0,2,0,2,0,0,0,0,0,2,0,0,0,0,0,2,0,0,0,0,0,2,2,2,2,2,2,0,2,2,0,2,2,0,0,2,2,2,0,0,0,2,2,2,0,2,0,0,0,0,2,2,0,2,0,0,0,2,0,2
23,7B,5400000,2,2,0,0,0,0,0,0,2,0,2,2,0,2,0,0,0,0,2,2,2,2,0,2,2,0,0,2,0,2,2,0,0,2,2,2,2,2,2,2,0,2,2,2,2,2,2,2,0,2,0,0,0,0,0,0,0,0,2,0,2,2,0,0,0,2,2,0,2,2,2,0,0,0,2,2,2,2,2,0,0,0,0,2,0,0,2,0,2,2,0,0,2,0,2,2,2,0,2,2,0,2,2,0,0,0,2,2,2,0,0,2,2,0,2,2,0,2,2,2,0,2,0,0,0,2,2,0,2,0,0,0,2,0,0,0,0,0,2,2,0,0,2,0,0,0,2,2,0,0,2,0,0,2,0,2,2,2,2,2,0,2,0,2,0,0,0,0,0,2,0,0,0,0,0,2,0,0,0,0,0,2,2,2,2,2,2,0,2,2,0,2,2,0,0,2,2,2,0,0,0,2,2,2,0,2,0,0,0,0,2,2,0,2,0,0,0,2,0,2
24,7B,5600000,2,2,0,0,0,0,0,0,2,0,2,2,0,2,0,0,0,0,2,2,2,2,0,2,2,0,0,2,0,2,2,0,0,2,2,2,2,2,2,2,0,2,2,2,2,2,2,2,0,2,0,0,0,0,0,0,0,0,2,0,2,2,0,0,0,2,2,0,2,2,2,0,0,0,2,2,2,2,2,0,0,0,0,2,0,0,2,0,2,2,0,0,2,0,2,2,2,0,2,2,0,2,2,0,0,0,2,2,2,0,0,2,2,0,2,2,0,2,2,2,0,2,0,0,0,2,2,0,2,0,0,0,2,0,0,0,0,0,2,2,0,0,2,0,0,0,2,2,0,0,2,0,0,2,0,2,2,2,2,2,0,2,0,2,0,0,0,0,0,2,0,0,0,0,0,2,0,0,0,0,0,2,2,2,2,2,2,0,2,2,0,2,2,0,0,2,2,2,0,0,0,2,2,2,0,2,0,0,0,0,2,2,0,2,0,0,0,2,0,2
25,7B,5800000,2,2,0,0,0,0,0,0,2,0,2,2,0,2,0,0,0,0,2,2,2,2,0,2,2,0,0,2,0,2,2,0,0,2,2,2,2,2,2,2,0,2,2,2,2,2,2,2,0,2,0,0,0,0,0,0,0,0,2,0,2,2,0,0,0,2,2,0,2,2,2,0,0,0,2,2,2,2,2,0,0,0,0,2,0,0,2,0,2,2,0,0,2,0,2,2,2,0,2,2,0,2,2,0,0,0,2,2,2,0,0,2,2,0,2,2,0,2,2,2,0,2,0,0,0,2,2,0,2,0,0,0,2,0,0,0,0,0,2,2,0,0,2,0,0,0,2,2,0,0,2,0,0,2,0,2,2,2,2,2,0,2,0,2,0,0,0,0,0,2,0,0,0,0,0,2,0,0,0,0,0,2,2,2,2,2,2,0,2,2,0,2,2,0,0,2,2,2,0,0,0,2,2,2,0,2,0,0,0,0,2,2,0,2,0,0,0,2,0,2
26,7B,6000000,2,0,0,2,2,2,0,2,2,0,2,2,2,2,2,0,0,2,2,2,0,2,2,0,0,2,0,2,0,2,0,0,2,0,0,0,0,2,2,2,0,0,0,0,2,2,0,0,2,2,0,2,2,0,0,0,0,0,2,0,0,0,0,0,0,2,2,0,2,0,2,0,0,0,2,2,2,2,2,0,0,0,2,0,0,2,0,0,2,2,2,2,2,2,2,2,0,0,0,2,2,0,0,2,0,0,2,2,0,2,2,0,0,2,2,2,0,2,0,0,2,0,2,0,2,0,2,2,2,2,2,0,0,0,2,0,0,0,0,2,2,2,2,2,2,2,0,2,0,0,2,2,2,2,2,0,0,0,2,2,0,2,0,2,0,0,0,0,2,2,2,2,0,0,0,2,0,0,0,0,0,2,0,0,2,2,2,2,2,2,2,0,0,2,2,0,2,2,2,0,2,0,2,2,2,0,0,0,0,2,0,2,0,0,0,2,2,2,2,2
27,7B,6200000,2,0,0,2,2,2,0,2,2,0,2,2,2,2,2,0,0,2,2,2,0,2,2,0,0,2,0,2,0,2,0,0,2,0,0,0,0,2,2,2,0,0,0,0,2,2,0,0,2,2,0,2,2,0,0,0,0,0,2,0,0,0,0,0,0,2,2,0,2,0,2,0,0,0,2,2,2,2,2,0,0,0,2,0,0,2,0,0,2,2,2,2,2,2,2,2,0,0,0,2,2,0,0,2,0,0,2,2,0,2,2,0,0,2,2,2,0,2,0,0,2,0,2,0,2,0,2,2,2,2,2,0,0,0,2,0,0,0,0,2,2,2,2,2,2,2,0,2,0,0,2,2,2,2,2,0,0,0,2,2,0,2,0,2,0,0,0,0,2,2,2,2,0,0,0,2,0,0,0,0,0,2,0,0,2,2,2,2,2,2,2,0,0,2,2,0,2,2,2,0,2,0,2,2,2,0,0,0,0,2,0,2,0,0,0,2,2,2,2,2
28,7B,6400000,2,0,0,2,2,2,0,2,2,0,2,2,2,2,2,0,0,2,2,2,0,2,2,0,0,2,0,2,0,2,0,0,2,0,0,0,0,2,2,2,0,0,0,0,2,2,0,0,2,2,0,2,2,0,0,0,0,0,2,0,0,0,0,0,0,2,2,0,2,0,2,0,0,0,2,2,2,2,2,0,0,0,2,0,0,2,0,0,2,2,2,2,2,2,2,2,0,0,0,2,2,0,0,2,0,0,2,2,0,2,2,0,0,2,2,2,0,2,0,0,2,0,2,0,2,0,2,2,2,2,2,0,0,0,2,0,0,0,0,2,2,2,2,2,2,2,0,2,0,0,2,2,2,2,2,0,0,0,2,2,0,2,0,2,0,0,0,0,2,2,2,2,0,0,0,2,0,0,0,0,0,2,0,0,2,2,2,2,2,2,2,0,0,2,2,0,2,2,2,0,2,0,2,2,2,0,0,0,0,2,0,2,0,0,0,2,2,2,2,2
29,7B,6600000,2,0,0,2,2,2,0,2,2,0,2,2,2,2,2,0,0,2,2,2,0,2,2,0,0,2,0,2,0,2,0,0,2,0,0,0,0,2,2,2,0,0,0,0,2,2,0,0,2,2,0,2,2,0,0,0,0,0,2,0,0,0,0,0,0,2,2,0,2,0,2,0,0,0,2,2,2,2,2,0,0,0,2,0,0,2,0,0,2,2,2,2,2,2,2,2,0,0,0,2,2,0,0,2,0,0,2,2,0,2,2,0,0,2,2,2,0,2,0,0,2,0,2,0,2,0,2,2,2,2,2,0,0,0,2,0,0,0,0,2,2,2,2,2,2,2,0,2,0,0,2,2,2,2,2,0,0,0,2,2,0,2,0,2,0,0,0,0,2,2,2,2,0,0,0,2,0,0,0,0,0,2,0,0,2,2,2,2,2,2,2,0,0,2,2,0,2,2,2,0,2,0,2,2,2,0,0,0,0,2,0,2,0,0,0,2,2,2,2,2
30,7B,6800000,2,0,0,2,2,2,0,2,2,0,2,2,2,2,2,0,0,2,2,2,0,2,2,0,0,2,0,2,0,2,0,0,2,0,0,0,0,2,2,2,0,0,0,0,2,2,0,0,2,2,0,2,2,0,0,0,0,0,2,0,0,0,0,0,0,2,2,0,2,0,2,0,0,0,2,2,2,2,2,0,0,0,2,0,0,2,0,0,2,2,2,2,2,2,2,2,0,0,0,2,2,0,0,2,0,0,2,2,0,2,2,0,0,2,2,2,0,2,0,0,2,0,2,0,2,0,2,2,2,2,2,0,0,0,2,0,0,0,0,2,2,2,2,2,2,2,0,2,0,0,2,2,2,2,2,0,0,0,2,2,0,2,0,2,0,0,0,0,2,2,2,2,0,0,0,2,0,0,0,0,0,2,0,0,2,2,2,2,2,2,2,0,0,2,2,0,2,2,2,0,2,0,2,2,2,0,0,0,0,2,0,2,0,0,0,2,2,2,2,2
31,7B,7000000,0,2,2,2,0,2,2,2,0,2,0,2,2,0,2,0,0,0,0,2,2,2,0,2,0,0,0,0,0,0,2,2,2,2,0,2,0,0,0,0,0,0,2,0,0,0,0,0,2,2,0,0,2,2,2,2,2,2,2,0,2,0,0,2,2,0,0,0,2,2,2,0,0,2,2,2,0,0,2,2,0,2,2,0,0,2,0,2,0,0,2,2,0,2,2,2,0,0,2,0,2,2,2,2,2,0,2,2,0,2,2,2,2,0,0,0,0,2,2,2,2,0,2,2,2,0,2,2,0,2,0,2,0,2,0,0,0,2,0,2,2,0,2,2,0,2,2,0,0,2,0,2,2,0,2,0,2,0,0,0,0,0,2,2,2,0,2,0,0,0,2,2,0,2,0,2,2,0,2,2,0,0,0,0,0,0,2,2,0,0,0,2,2,2,0,0,0,2,0,0,0,2,0,0,0,2,2,2,0,2,0,2,0,2,2,0,2,0,2,0
32,7B,7200000,0,2,2,2,0,2,2,2,0,2,0,2,2,0,2,0,0,0,0,2,2,2,0,2,0,0,0,0,0,0,2,2,2,2,0,2,0,0,0,0,0,0,2,0,0,0,0,0,2,2,0,0,2,2,2,2,2,2,2,0,2,0,0,2,2,0,0,0,2,2,2,0,0,2,2,2,0,0,2,2,0,2,2,0,0,2,0,2,0,0,2,2,0,2,2,2,0,0,2,0,2,2,2,2,2,0,2,2,0,2,2,2,2,0,0,0,0,2,2,2,2,0,2,2,2,0,2,2,0,2,0,2,0,2,0,0,0,2,0,2,2,0,2,2,0,2,2,0,0,2,0,2,2,0,2,0,2,0,0,0,0,0,2,2,2,0,2,0,0,0,2,2,0,2,0,2,2,0,2,2,0,0,0,0,0,0,2,2,0,0,0,2,2,2,0,0,0,2,0,0,0,2,0,0,0,2,2,2,0,2,0,2,0,2,2,0,2,0,2,0
33,7B,7400000,0,2,2,2,0,2,2,2,0,2,0,2,2,0,2,0,0,0,0,2,2,2,0,2,0,0,0,0,0,0,2,2,2,2,0,2,0,0,0,0,0,0,2,0,0,0,0,0,2,2,0,0,2,2,2,2,2,2,2,0,2,0,0,2,2,0,0,0,2,2,2,0,0,2,2,2,0,0,2,2,0,2,2,0,0,2,0,2,0,0,2,2,0,2,2,2,0,0,2,0,2,2,2,2,2,0,2,2,0,2,2,2,2,0,0,0,0,2,2,2,2,0,2,2,2,0,2,2,0,2,0,2,0,2,0,0,0,2,0,2,2,0,2,2,0,2,2,0,0,2,0,2,2,0,2,0,2,0,0,0,0,0,2,2,2,0,2,0,0,0,2,2,0,2,0,2,2,0,2,2,0,0,0,0,0,0,2,2,0,0,0,2,2,2,0,0,0,2,0,0,0,2,0,0,0,2,2,2,0,2,0,2,0,2,2,0,2,0,2,0
34,7B,7600000,0,2,2,2,0,2,2,2,0,2,0,2,2,0,2,0,0,0,0,2,2,2,0,2,0,0,0,0,0,0,2,2,2,2,0,2,0,0,0,0,0,0,2,0,0,0,0,0,2,2,0,0,2,2,2,2,2,2,2,0,2,0,0,2,2,0,0,0,2,2,2,0,0,2,2,2,0,0,2,2,0,2,2,0,0,2,0,2,0,0,2,2,0,2,2,2,0,0,2,0,2,2,2,2,2,0,2,2,0,2,2,2,2,0,0,0,0,2,2,2,2,0,2,2,2,0,2,2,0,2,0,2,0,2,0,0,0,2,0,2,2,0,2,2,0,2,2,0,0,2,0,2,2,0,2,0,2,0,0,0,0,0,2,2,2,0,2,0,0,0,2,2,0,2,0,2,2,0,2,2,0,0,0,0,0,0,2,2,0,0,0,2,2,2,0,0,0,2,0,0,0,2,0,0,0,2,2,2,0,2,0,2,0,2,2,0,2,0,2,0
35,7B,7800000,0,2,2,2,0,2,2,2,0,2,0,2,2,0,2,0,0,0,0,2,2,2,0,2,0,0,0,0,0,0,2,2,2,2,0,2,0,0,0,0,0,0,2,0,0,0,0,0,2,2,0,0,2,2,2,2,2,2,2,0,2,0,0,2,2,0,0,0,2,2,2,0,0,2,2,2,0,0,2,2,0,2,2,0,0,2,0,2,0,0,2,2,0,2,2,2,0,0,2,0,2,2,2,2,2,0,2,2,0,2,2,2,2,0,0,0,0,2,2,2,2,0,2,2,2,0,2,2,0,2,0,2,0,2,0,0,0,2,0,2,2,0,2,2,0,2,2,0,0,2,0,2,2,0,2,0,2,0,0,0,0,0,2,2,2,0,2,0,0,0,2,2,0,2,0,2,2,0,2,2,0,0,0,0,0,0,2,2,0,0,0,2,2,2,0,0,0,2,0,0,0,2,0,0,0,2,2,2,0,2,0,2,0,2,2,0,2,0,2,0
36,7B,8000000,2,0,2,2,0,0,0,2,2,0,2,0,0,0,0,0,2,2,2,2,2,2,0,2,0,0,0,2,2,0,2,0,0,0,2,2,2,0,2,2,2,0,0,2,2,2,0,2,0,2,2,2,0,2,0,2,2,2,2,0,2,2,2,2,2,2,2,2,2,0,0,0,0,0,2,0,2,0,2,0,0,0,0,2,2,0,2,2,2,0,0,0,2,0,0,0,2,0,2,0,2,0,0,2,2,2,0,0,2,2,2,0,0,0,2,0,0,0,2,0,0,0,0,0,0,0,0,2,2,2,0,0,2,0,2,2,0,2,0,2,2,0,0,0,0,0,0,2,2,2,0,2,2,2,2,0,0,2,2,0,0,2,2,0,2,2,2,2,2,2,2,0,0,0,2,0,0,0,2,2,2,2,0,0,2,2,2,0,2,0,0,0,0,0,0,2,0,2,0,2,0,2,2,2,2,2,2,0,0,0,2,2,0,0,2,0,0,2,0,2
37,7B,8200000,2,0,2,2,0,0,0,2,2,0,2,0,0,0,0,0,2,2,2,2,2,2,0,2,0,0,0,2,2,0,2,0,0,0,2,2,2,0,2,2,2,0,0,2,2,2,0,2,0,2,2,2,0,2,0,2,2,2,2,0,2,2,2,2,2,2,2,2,2,0,0,0,0,0,2,0,2,0,2,0,0,0,0,2,2,0,2,2,2,0,0,0,2,0,0,0,2,0,2,0,2,0,0,2,2,2,0,0,2,2,2,0,0,0,2,0,0,0,2,0,0,0,0,0,0,0,0,2,2,2,0,0,2,0,2,2,0,2,0,2,2,0,0,0,0,0,0,2,2,2,0,2,2,2,2,0,0,2,2,0,0,2,2,0,2,2,2,2,2,2,2,0,0,0,2,0,0,0,2,2,2,2,0,0,2,2,2,0,2,0,0,0,0,0,0,2,0,2,0,2,0,2,2,2,2,2,2,0,0,0,2,2,0,0,2,0,0,2,0,2
38,7B,8400000,2,0,2,2,0,0,0,2,2,0,2,0,0,0,0,0,2,2,2,2,2,2,0,2,0,0,0,2,2,0,2,0,0,0,2,2,2,0,2,2,2,0,0,2,2,2,0,2,0,2,2,2,0,2,0,2,2,2,2,0,2,2,2,2,2,2,2,2,2,0,0,0,0,0,2,0,2,0,2,0,0,0,0,2,2,0,2,2,2,0,0,0,2,0,0,0,2,0,2,0,2,0,0,2,2,2,0,0,2,2,2,0,0,0,2,0,0,0,2,0,0,0,0,0,0,0,0,2,2,2,0,0,2,0,2,2,0,2,0,2,2,0,0,0,0,0,0,2,2,2,0,2,2,2,2,0,0,2,2,0,0,2,2,0,2,2,2,2,2,2,2,0,0,0,2,0,0,0,2,2,2,2,0,0,2,2,2,0,2,0,0,0,0,0,0,2,0,2,0,2,0,2,2,2,2,2,2,0,0,0,2,2,0,0,2,0,0,2,0,2
39,7B,8600000,2,0,2,2,0,0,0,2,2,0,2,0,0,0,0,0,2,2,2,2,2,2,0,2,0,0,0,2,2,0,2,0,0,0,2,2,2,0,2,2,2,0,0,2,2,2,0,2,0,2,2,2,0,2,0,2,2,2,2,0,2,2,2,2,2,2,2,2,2,0,0,0,0,0,2,0,2,0,2,0,0,0,0,2,2,0,2,2,2,0,0,0,2,0,0,0,2,0,2,0,2,0,0,2,2,2,0,0,2,2,2,0,0,0,2,0,0,0,2,0,0,0,0,0,0,0,0,2,2,2,0,0,2,0,2,2,0,2,0,2,2,0,0,0,0,0,0,2,2,2,0,2,2,2,2,0,0,2,2,0,0,2,2,0,2,2,2,2,2,2,2,0,0,0,2,0,0,0,2,2,2,2,0,0,2,2,2,0,2,0,0,0,0,0,0,2,0,2,0,2,0,2,2,2,2,2,2,0,0,0,2,2,0,0,2,0,0,2,0,2
40,7B,8800000,2,0,2,2,0,0,0,2,2,0,2,0,0,0,0,0,2,2,2,2,2,2,0,2,0,0,0,2,2,0,2,0,0,0,2,2,2,0,2,2,2,0,0,2,2,2,0,2,0,2,2,2,0,2,0,2,2,2,2,0,2,2,2,2,2,2,2,2,2,0,0,0,0,0,2,0,2,0,2,0,0,0,0,2,2,0,2,2,2,0,0,0,2,0,0,0,2,0,2,0,2,0,0,2,2,2,0,0,2,2,2,0,0,0,2,0,0,0,2,0,0,0,0,0,0,0,0,2,2,2,0,0,2,0,2,2,0,2,0,2,2,0,0,0,0,0,0,2,2,2,0,2,2,2,2,0,0,2,2,0,0,2,2,0,2,2,2,2,2,2,2,0,0,0,2,0,0,0,2,2,2,2,0,0,2,2,2,0,2,0,0,0,0,0,0,2,0,2,0,2,0,2,2,2,2,2,2,0,0,0,2,2,0,0,2,0,0,2,0,2
41,7B,9000000,0,2,0,2,0,2,0,2,2,0,0,0,0,0,2,0,0,0,0,2,2,2,0,0,2,2,0,0,0,0,0,2,0,2,0,0,2,2,2,2,0,2,0,0,2,0,2,2,0,0,2,2,2,2,0,0,0,0,2,2,2,0,2,2,0,2,2,2,2,2,2,2,2,0,0,2,2,0,0,0,0,2,0,2,2,0,0,0,2,0,2,2,0,2,2,0,2,2,0,2,2,0,0,0,2,0,2,2,0,2,0,0,2,0,0,2,0,0,0,0,2,2,0,2,2,0,2,0,0,2,0,2,0,0,2,0,2,2,2,0,0,2,0,0,0,2,0,0,0,0,2,2,2,2,2,0,2,0,2,2,2,0,2,2,2,0,2,0,0,2,0,0,0,0,2,2,0,2,2,2,2,2,0,0,0,2,2,0,0,2,2,0,0,0,0,0,0,0,0,2,0,0,0,0,2,0,0,2,2,0,2,0,2,2,0,2,2,2,2,2
42,7B,9200000,0,2,0,2,0,2,0,2,2,0,0,0,0,0,2,0,0,0,0,2,2,2,0,0,2,2,0,0,0,0,0,2,0,2,0,0,2,2,2,2,0,2,0,0,2,0,2,2,0,0,2,2,2,2,0,0,0,0,2,2,2,0,2,2,0,2,2,2,2,2,2,2,2,0,0,2,2,0,0,0,0,2,0,2,2,0,0,0,2,0,2,2,0,2,2,0,2,2,0,2,2,0,0,0,2,0,2,2,0,2,0,0,2,0,0,2,0,0,0,0,2,2,0,2,2,0,2,0,0,2,0,2,0,0,2,0,2,2,2,0,0,2,0,0,0,2,0,0,0,0,2,2,2,2,2,0,2,0,2,2,2,0,2,2,2,0,2,0,0,2,0,0,0,0,2,2,0,2,2,2,2,2,0,0,0,2,2,0,0,2,2,0,0,0,0,0,0,0,0,2,0,0,0,0,2,0,0,2,2,0,2,0,2,2,0,2,2,2,2,2
43,7B,9400000,0,2,0,2,0,2,0,2,2,0,0,0,0,0,2,0,0,0,0,2,2,2,0,0,2,2,0,0,0,0,0,2,0,2,0,0,2,2,2,2,0,2,0,0,2,0,2,2,0,0,2,2,2,2,0,0,0,0,2,2,2,0,2,2,0,2,2,2,2,2,2,2,2,0,0,2,2,0,0,0,0,2,0,2,2,0,0,0,2,0,2,2,0,2,2,0,2,2,0,2,2,0,0,0,2,0,2,2,0,2,0,0,2,0,0,2,0,0,0,0,2,2,0,2,2,0,2,0,0,2,0,2,0,0,2,0,2,2,2,0,0,2,0,0,0,2,0,0,0,0,2,2,2,2,2,0,2,0,2,2,2,0,2,2,2,0,2,0,0,2,0,0,0,0,2,2,0,2,2,2,2,2,0,0,0,2,2,0,0,2,2,0,0,0,0,0,0,0,0,2,0,0,0,0,2,0,0,2,2,0,2,0,2,2,0,2,2,2,2,2
44,7B,9600000,0,2,0,2,0,2,0,2,2,0,0,0,0,0,2,0,0,0,0,2,2,2,0,0,2,2,0,0,0,0,0,2,0,2,0,0,2,2,2,2,0,2,0,0,2,0,2,2,0,0,2,2,2,2,0,0,0,0,2,2,2,0,2,2,0,2,2,2,2,2,2,2,2,0,0,2,2,0,0,0,0,2,0,2,2,0,0,0,2,0,2,2,0,2,2,0,2,2,0,2,2,0,0,0,2,0,2,2,0,2,0,0,2,0,0,2,0,0,0,0,2,2,0,2,2,0,2,0,0,2,0,2,0,0,2,0,2,2,2,0,0,2,0,0,0,2,0,0,0,0,2,2,2,2,2,0,2,0,2,2,2,0,2,2,2,0,2,0,0,2,0,0,0,0,2,2,0,2,2,2,2,2,0,0,0,2,2,0,0,2,2,0,0,0,0,0,0,0,0,2,0,0,0,0,2,0,0,2,2,0,2,0,2,2,0,2,2,2,2,2
45,7B,9800000,0,2,0,2,0,2,0,2,2,0,0,0,0,0,2,0,0,0,0,2,2,2,0,0,2,2,0,0,0,0,0,2,0,2,0,0,2,2,2,2,0,2,0,0,2,0,2,2,0,0,2,2,2,2,0,0,0,0,2,2,2,0,2,2,0,2,2,2,2,2,2,2,2,0,0,2,2,0,0,0,0,2,0,2,2,0,0,0,2,0,2,2,0,2,2,0,2,2,0,2,2,0,0,0,2,0,2,2,0,2,0,0,2,0,0,2,0,0,0,0,2,2,0,2,2,0,2,0,0,2,0,2,0,0,2,0,2,2,2,0,0,2,0,0,0,2,0,0,0,0,2,2,2,2,2,0,2,0,2,2,2,0,2,2,2,0,2,0,0,2,0,0,0,0,2,2,0,2,2,2,2,2,0,0,0,2,2,0,0,2,2,0,0,0,0,0,0,0,0,2,0,0,0,0,2,0,0,2,2,0,2,0,2,2,0,2,2,2,2,2
46,7B,10000000,2,2,0,0,2,0,0,2,2,0,2,2,2,2,0,0,2,0,0,0,2,2,0,0,2,2,2,2,0,2,2,0,0,0,0,0,2,2,2,0,0,2,2,0,2,2,0,2,2,0,2,0,2,2,0,0,0,0,0,0,2,2,2,0,2,2,2,2,2,0,2,0,2,2,2,0,0,2,2,2,2,2,2,0,2,0,0,2,2,0,2,0,0,2,2,2,2,2,2,0,2,2,0,2,0,2,2,2,0,0,2,0,2,2,0,0,0,2,2,2,0,2,2,0,2,0,0,2,2,0,0,0,2,2,2,0,0,2,2,2,0,0,2,2,0,0,2,2,0,0,2,2,0,0,2,0,0,2,2,0,0,0,2,2,0,2,2,0,2,2,0,2,2,2,0,2,2,0,0,2,2,2,2,0,0,0,0,0,0,2,2,0,0,2,0,2,0,2,0,2,2,0,2,0,2,0,2,0,0,0,2,2,0,2,0,2,0,0,2,2
47,7B,10200000,2,2,0,0,2,0,0,2,2,0,2,2,2,2,0,0,2,0,0,0,2,2,0,0,2,2,2,2,0,2,2,0,0,0,0,0,2,2,2,0,0,2,2,0,2,2,0,2,2,0,2,0,2,2,0,0,0,0,0,0,2,2,2,0,2,2,2,2,2,0,2,0,2,2,2,0,0,2,2,2,2,2,2,0,2,0,0,2,2,0,2,0,0,2,2,2,2,2,2,0,2,2,0,2,0,2,2,2,0,0,2,0,2,2,0,0,0,2,2,2,0,2,2,0,2,0,0,2,2,0,0,0,2,2,2,0,0,2,2,2,0,0,2,2,0,0,2,2,0,0,2,2,0,0,2,0,0,2,2,0,0,0,2,2,0,2,2,0,2,2,0,2,2,2,0,2,2,0,0,2,2,2,2,0,0,0,0,0,0,2,2,0,0,2,0,2,0,2,0,2,2,0,2,0,2,0,2,0,0,0,2,2,0,2,0,2,0,0,2,2
48,7B,10400000,2,2,0,0,2,0,0,2,2,0,2,2,2,2,0,0,2,0,0,0,2,2,0,0,2,2,2,2,0,2,2,0,0,0,0,0,2,2,2,0,0,2,2,0,2,2,0,2,2,0,2,0,2,2,0,0,0,0,0,0,2,2,2,0,2,2,2,2,2,0,2,0,2,2,2,0,0,2,2,2,2,2,2,0,2,0,0,2,2,0,2,0,0,2,2,2,2,2,2,0,2,2,0,2,0,2,2,2,0,0,2,0,2,2,0,0,0,2,2,2,0,2,2,0,2,0,0,2,2,0,0,0,2,2,2,0,0,2,2,2,0,0,2,2,0,0,2,2,0,0,2,2,0,0,2,0,0,2,2,0,0,0,2,2,0,2,2,0,2,2,0,2,2,2,0,2,2,0,0,2,2,2,2,0,0,0,0,0,0,2,2,0,0,2,0,2,0,2,0,2,2,0,2,0,2,0,2,0,0,0,2,2,0,2,0,2,0,0,2,2
49,7B,10600000,2,2,0,0,2,0,0,2,2,0,2,2,2,2,0,0,2,0,0,0,2,2,0,0,2,2,2,2,0,2,2,0,0,0,0,0,2,2,2,0,0,2,2,0,2,2,0,2,2,0,2,0,2,2,0,0,0,0,0,0,2,2,2,0,2,2,2,2,2,0,2,0,2,2,2,0,0,2,2,2,2,2,2,0,2,0,0,2,2,0,2,0,0,2,2,2,2,2,2,0,2,2,0,2,0,2,2,2,0,0,2,0,2,2,0,0,0,2,2,2,0,2,2,0,2,0,0,2,2,0,0,0,2,2,2,0,0,2,2,2,0,0,2,2,0,0,2,2,0,0,2,2,0,0,2,0,0,2,2,0,0,0,2,2,0,2,2,0,2,2,0,2,2,2,0,2,2,0,0,2,2,2,2,0,0,0,0,0,0,2,2,0,0,2,0,2,0,2,0,2,2,0,2,0,2,0,2,0,0,0,2,2,0,2,0,2,0,0,2,2
50,7B,10800000,2,2,0,0,2,0,0,2,2,0,2,2,2,2,0,0,2,0,0,0,2,2,0,0,2,2,2,2,0,2,2,0,0,0,0,0,2,2,2,0,0,2,2,0,2,2,0,2,2,0,2,0,2,2,0,0,0,0,0,0,2,2,2,0,2,2,2,2,2,0,2,0,2,2,2,0,0,2,2,2,2,2,2,0,2,0,0,2,2,0,2,0,0,2,2,2,2,2,2,0,2,2,0,2,0,2,2,2,0,0,2,0,2,2,0,0,0,2,2,2,0,2,2,0,2,0,0,2,2,0,0,0,2,2,2,0,0,2,2,2,0,0,2,2,0,0,2,2,0,0,2,2,0,0,2,0,0,2,2,0,0,0,2,2,0,2,2,0,2,2,0,2,2,2,0,2,2,0,0,2,2,2,2,0,0,0,0,0,0,2,2,0,0,2,0,2,0,2,0,2,2,0,2,0,2,0,2,0,0,0,2,2,0,2,0,2,0,0,2,2
51,7B,11000000,0,0,0,2,2,2,2,0,2,2,0,0,2,0,0,0,0,2,2,2,2,2,0,2,0,2,2,0,2,2,0,2,2,2,0,2,0,0,0,2,0,0,0,2,0,0,2,0,0,0,0,2,0,2,2,2,0,0,2,0,0,0,2,2,0,2,2,2,2,0,0,2,0,2,2,2,2,0,2,2,2,2,0,0,2,2,0,0,2,2,0,2,0,2,0,0,0,0,2,2,2,0,0,0,0,0,2,0,0,0,0,2,0,2,0,0,2,2,2,2,0,0,2,2,0,2,0,2,0,0,0,0,0,2,2,2,2,2,0,0,0,0,0,2,0,0,2,0,0,2,2,2,0,0,2,2,0,0,2,0,0,2,2,0,0,0,2,2,2,2,2,2,2,0,2,2,2,2,2,2,0,2,2,0,2,2,0,2,2,2,2,0,2,0,0,2,0,2,0,0,2,2,0,2,0,2,2,2,2,2,2,2,2,2,0,2,2,0,0,2
52,7B,11200000,0,0,0,2,2,2,2,0,2,2,0,0,2,0,0,0,0,2,2,2,2,2,0,2,0,2,2,0,2,2,0,2,2,2,0,2,0,0,0,2,0,0,0,2,0,0,2,0,0,0,0,2,0,2,2,2,0,0,2,0,0,0,2,2,0,2,2,2,2,0,0,2,0,2,2,2,2,0,2,2,2,2,0,0,2,2,0,0,2,2,0,2,0,2,0,0,0,0,2,2,2,0,0,0,0,0,2,0,0,0,0,2,0,2,0,0,2,2,2,2,0,0,2,2,0,2,0,2,0,0,0,0,0,2,2,2,2,2,0,0,0,0,0,2,0,0,2,0,0,2,2,2,0,0,2,2,0,0,2,0,0,2,2,0,0,0,2,2,2,2,2,2,2,0,2,2,2,2,2,2,0,2,2,0,2,2,0,2,2,2,2,0,2,0,0,2,0,2,0,0,2,2,0,2,0,2,2,2,2,2,2,2,2,2,0,2,2,0,0,2
53,7B,11400000,0,0,0,2,2,2,2,0,2,2,0,0,2,0,0,0,0,2,2,2,2,2,0,2,0,2,2,0,2,2,0,2,2,2,0,2,0,0,0,2,0,0,0,2,0,0,2,0,0,0,0,2,0,2,2,2,0,0,2,0,0,0,2,2,0,2,2,2,2,0,0,2,0,2,2,2,2,0,2,2,2,2,0,0,2,2,0,0,2,2,0,2,0,2,0,0,0,0,2,2,2,0,0,0,0,0,2,0,0,0,0,2,0,2,0,0,2,2,2,2,0,0,2,2,0,2,0,2,0,0,0,0,0,2,2,2,2,2,0,0,0,0,0,2,0,0,2,0,0,2,2,2,0,0,2,2,0,0,2,0,0,2,2,0,0,0,2,2,2,2,2,2,2,0,2,2,2,2,2,2,0,2,2,0,2,2,0,2,2,2,2,0,2,0,0,2,0,2,0,0,2,2,0,2,0,2,2,2,2,2,2,2,2,2,0,2,2,0,0,2
54,7B,11600000,0,0,0,2,2,2,2,0,2,2,0,0,2,0,0,0,0,2,2,2,2,2,0,2,0,2,2,0,2,2,0,2,2,2,0,2,0,0,0,2,0,0,0,2,0,0,2,0,0,0,0,2,0,2,2,2,0,0,2,0,0,0,2,2,0,2,2,2,2,0,0,2,0,2,2,2,2,0,2,2,2,2,0,0,2,2,0,0,2,2,0,2,0,2,0,0,0,0,2,2,2,0,0,0,0,0,2,0,0,0,0,2,0,2,0,0,2,2,2,2,0,0,2,2,0,2,0,2,0,0,0,0,0,2,2,2,2,2,0,0,0,0,0,2,0,0,2,0,0,2,2,2,0,0,2,2,0,0,2,0,0,2,2,0,0,0,2,2,2,2,2,2,2,0,2,2,2,2,2,2,0,2,2,0,2,2,0,2,2,2,2,0,2,0,0,2,0,2,0,0,2,2,0,2,0,2,2,2,2,2,2,2,2,2,0,2,2,0,0,2
55,7B,11800000,0,0,0,2,2,2,2,0,2,2,0,0,2,0,0,0,0,2,2,2,2,2,0,2,0,2,2,0,2,2,0,2,2,2,0,2,0,0,0,2,0,0,0,2,0,0,2,0,0,0,0,2,0,2,2,2,0,0,2,0,0,0,2,2,0,2,2,2,2,0,0,2,0,2,2,2,2,0,2,2,2,2,0,0,2,2,0,0,2,2,0,2,0,2,0,0,0,0,2,2,2,0,0,0,0,0,2,0,0,0,0,2,0,2,0,0,2,2,2,2,0,0,2,2,0,2,0,2,0,0,0,0,0,2,2,2,2,2,0,0,0,0,0,2,0,0,2,0,0,2,2,2,0,0,2,2,0,0,2,0,0,2,2,0,0,0,2,2,2,2,2,2,2,0,2,2,2,2,2,2,0,2,2,0,2,2,0,2,2,2,2,0,2,0,0,2,0,2,0,0,2,2,0,2,0,2,2,2,2,2,2,2,2,2,0,2,2,0,0,2
56,7B,12000000,2,2,0,2,0,2,2,0,0,0,2,2,0,2,2,0,2,0,2,2,0,2,2,0,0,0,2,2,0,2,2,2,2,2,0,2,2,0,0,2,0,2,0,2,0,0,0,2,0,2,0,0,2,2,2,0,2,0,2,0,2,2,0,2,2,2,0,2,2,0,0,0,2,2,2,0,0,0,0,0,2,0,2,2,2,0,2,0,2,0,2,0,0,0,2,2,0,0,2,0,0,2,0,0,2,0,0,0,2,0,0,0,0,0,0,2,0,0,2,2,2,0,2,2,0,2,0,0,0,0,0,2,2,2,0,0,2,0,2,2,0,0,2,0,2,2,0,0,0,0,0,2,2,0,0,2,2,0,0,2,0,0,2,0,0,0,2,0,2,0,2,2,0,0,0,0,2,0,0,2,0,2,2,0,0,0,0,0,2,2,2,0,2,2,0,0,0,2,0,2,2,0,2,2,0,0,2,0,0,2,2,2,2,0,0,2,2,0,2,0
57,7B,12200000,2,2,0,2,0,2,2,0,0,0,2,2,0,2,2,0,2,0,2,2,0,2,2,0,0,0,2,2,0,2,2,2,2,2,0,2,2,0,0,2,0,2,0,2,0,0,0,2,0,2,0,0,2,2,2,0,2,0,2,0,2,2,0,2,2,2,0,2,2,0,0,0,2,2,2,0,0,0,0,0,2,0,2,2,2,0,2,0,2,0,2,0,0,0,2,2,0,0,2,0,0,2,0,0,2,0,0,0,2,0,0,0,0,0,0,2,0,0,2,2,2,0,2,2,0,2,0,0,0,0,0,2,2,2,0,0,2,0,2,2,0,0,2,0,2,2,0,0,0,0,0,2,2,0,0,2,2,0,0,2,0,0,2,0,0,0,2,0,2,0,2,2,0,0,0,0,2,0,0,2,0,2,2,0,0,0,0,0,2,2,2,0,2,2,0,0,0,2,0,2,2,0,2,2,0,0,2,0,0,2,2,2,2,0,0,2,2,0,2,0
58,7B,12400000,2,2,0,2,0,2,2,0,0,0,2,2,0,2,2,0,2,0,2,2,0,2,2,0,0,0,2,2,0,2,2,2,2,2,0,2,2,0,0,2,0,2,0,2,0,0,0,2,0,2,0,0,2,2,2,0,2,0,2,0,2,2,0,2,2,2,0,2,2,0,0,0,2,2,2,0,0,0,0,0,2,0,2,2,2,0,2,0,2,0,2,0,0,0,2,2,0,0,2,0,0,2,0,0,2,0,0,0,2,0,0,0,0,0,0,2,0,0,2,2,2,0,2,2,0,2,0,0,0,0,0,2,2,2,0,0,2,0,2,2,0,0,2,0,2,2,0,0,0,0,0,2,2,0,0,2,2,0,0,2,0,0,2,0,0,0,2,0,2,0,2,2,0,0,0,0,2,0,0,2,0,2,2,0,0,0,0,0,2,2,2,0,2,2,0,0,0,2,0,2,2,0,2,2,0,0,2,0,0,2,2,2,2,0,0,2,2,0,2,0
59,7B,12600000,2,2,0,2,0,2,2,0,0,0,2,2,0,2,2,0,2,0,2,2,0,2,2,0,0,0,2,2,0,2,2,2,2,2,0,2,2,0,0,2,0,2,0,2,0,0,0,2,0,2,0,0,2,2,2,0,2,0,2,0,2,2,0,2,2,2,0,2,2,0,0,0,2,2,2,0,0,0,0,0,2,0,2,2,2,0,2,0,2,0,2,0,0,0,2,2,0,0,2,0,0,2,0,0,2,0,0,0,2,0,0,0,0,0,0,2,0,0,2,2,2,0,2,2,0,2,0,0,0,0,0,2,2,2,0,0,2,0,2,2,0,0,2,0,2,2,0,0,0,0,0,2,2,0,0,2,2,0,0,2,0,0,2,0,0,0,2,0,2,0,2,2,0,0,0,0,2,0,0,2,0,2,2,0,0,0,0,0,2,2,2,0,2,2,0,0,0,2,0,2,2,0,2,2,0,0,2,0,0,2,2,2,2,0,0,2,2,0,2,0
60,7B,12800000,2,2,0,2,0,2,2,0,0,0,2,2,0,2,2,0,2,0,2,2,0,2,2,0,0,0,2,2,0,2,2,2,2,2,0,2,2,0,0,2,0,2,0,2,0,0,0,2,0,2,0,0,2,2,2,0,2,0,2,0,2,2,0,2,2,2,0,2,2,0,0,0,2,2,2,0,0,0,0,0,2,0,2,2,2,0,2,0,2,0,2,0,0,0,2,2,0,0,2,0,0,2,0,0,2,0,0,0,2,0,0,0,0,0,0,2,0,0,2,2,2,0,2,2,0,2,0,0,0,0,0,2,2,2,0,0,2,0,2,2,0,0,2,0,2,2,0,0,0,0,0,2,2,0,0,2,2,0,0,2,0,0,2,0,0,0,2,0,2,0,2,2,0,0,0,0,2,0,0,2,0,2,2,0,0,0,0,0,2,2,2,0,2,2,0,0,0,2,0,2,2,0,2,2,0,0,2,0,0,2,2,2,2,0,0,2,2,0,2,0
61,7B,13000000,2,0,0,0,2,2,2,0,2,0,0,2,2,2,0,2,0,0,0,2,0,2,2,0,0,2,0,2,0,2,0,0,0,0,0,0,0,0,0,2,0,0,2,2,2,0,2,0,2,0,2,0,0,2,2,2,2,2,2,0,2,2,0,0,2,0,2,2,0,2,2,2,2,0,2,0,0,2,2,0,2,2,0,2,0,0,2,0,0,2,0,0,0,2,2,0,0,2,0,0,2,0,0,2,2,0,2,2,0,2,2,2,0,0,0,0,2,0,0,2,0,0,2,2,2,0,2,2,0,2,2,0,0,0,2,0,0,2,0,2,2,2,0,2,2,0,2,0,0,0,2,0,0,2,0,2,0,2,0,2,2,0,2,0,2,2,2,0,0,2,2,2,2,0,0,0,0,2,0,2,0,0,2,2,0,2,2,0,2,2,2,2,0,0,2,0,0,2,0,2,2,2,0,0,2,2,0,0,0,0,2,2,2,0,2,0,0,0,2,0
62,7B,13200000,2,0,0,0,2,2,2,0,2,0,0,2,2,2,0,2,0,0,0,2,0,2,2,0,0,2,0,2,0,2,0,0,0,0,0,0,0,0,0,2,0,0,2,2,2,0,2,0,2,0,2,0,0,2,2,2,2,2,2,0,2,2,0,0,2,0,2,2,0,2,2,2,2,0,2,0,0,2,2,0,2,2,0,2,0,0,2,0,0,2,0,0,0,2,2,0,0,2,0,0,2,0,0,2,2,0,2,2,0,2,2,2,0,0,0,0,2,0,0,2,0,0,2,2,2,0,2,2,0,2,2,0,0,0,2,0,0,2,0,2,2,2,0,2,2,0,2,0,0,0,2,0,0,2,0,2,0,2,0,2,2,0,2,0,2,2,2,0,0,2,2,2,2,0,0,0,0,2,0,2,0,0,2,2,0,2,2,0,2,2,2,2,0,0,2,0,0,2,0,2,2,2,0,0,2,2,0,0,0,0,2,2,2,0,2,0,0,0,2,0
63,7B,13400000,2,0,0,0,2,2,2,0,2,0,0,2,2,2,0,2,0,0,0,2,0,2,2,0,0,2,0,2,0,2,0,0,0,0,0,0,0,0,0,2,0,0,2,2,2,0,2,0,2,0,2,0,0,2,2,2,2,2,2,0,2,2,0,0,2,0,2,2,0,2,2,2,2,0,2,0,0,2,2,0,2,2,0,2,0,0,2,0,0,2,0,0,0,2,2,0,0,2,0,0,2,0,0,2,2,0,2,2,0,2,2,2,0,0,0,0,2,0,0,2,0,0,2,2,2,0,2,2,0,2,2,0,0,0,2,0,0,2,0,2,2,2,0,2,2,0,2,0,0,0,2,0,0,2,0,2,0,2,0,2,2,0,2,0,2,2,2,0,0,2,2,2,2,0,0,0,0,2,0,2,0,0,2,2,0,2,2,0,2,2,2,2,0,0,2,0,0,2,0,2,2,2,0,0,2,2,0,0,0,0,2,2,2,0,2,0,0,0,2,0
64,7B,13600000,2,0,0,0,2,2,2,0,2,0,0,2,2,2,0,2,0,0,0,2,0,2,2,0,0,2,0,2,0,2,0,0,0,0,0,0,0,0,0,2,0,0,2,2,2,0,2,0,2,0,2,0,0,2,2,2,2,2,2,0,2,2,0,0,2,0,2,2,0,2,2,2,2,0,2,0,0,2,2,0,2,2,0,2,0,0,2,0,0,2,0,0,0,2,2,0,0,2,0,0,2,0,0,2,2,0,2,2,0,2,2,2,0,0,0,0,2,0,0,2,0,0,2,2,2,0,2,2,0,2,2,0,0,0,2,0,0,2,0,2,2,2,0,2,2,0,2,0,0,0,2,0,0,2,0,2,0,2,0,2,2,0,2,0,2,2,2,0,0,2,2,2,2,0,0,0,0,2,0,2,0,0,2,2,0,2,2,0,2,2,2,2,0,0,2,0,0,2,0,2,2,2,0,0,2,2,0,0,0,0,2,2,2,0,2,0,0,0,2,0
65,7B,13800000,2,0,0,0,2,2,2,0,2,0,0,2,2,2,0,2,0,0,0,2,0,2,2,0,0,2,0,2,0,2,0,0,0,0,0,0,0,0,0,2,0,0,2,2,2,0,2,0,2,0,2,0,0,2,2,2,2,2,2,0,2,2,0,0,2,0,2,2,0,2,2,2,2,0,2,0,0,2,2,0,2,2,0,2,0,0,2,0,0,2,0,0,0,2,2,0,0,2,0,0,2,0,0,2,2,0,2,2,0,2,2,2,0,0,0,0,2,0,0,2,0,0,2,2,2,0,2,2,0,2,2,0,0,0,2,0,0,2,0,2,2,2,0,2,2,0,2,0,0,0,2,0,0,2,0,2,0,2,0,2,2,0,2,0,2,2,2,0,0,2,2,2,2,0,0,0,0,2,0,2,0,0,2,2,0,2,2,0,2,2,2,2,0,0,2,0,0,2,0,2,2,2,0,0,2,2,0,0,0,0,2,2,2,0,2,0,0,0,2,0
66,7B,14000000,2,0,2,0,2,2,0,0,2,0,2,0,2,2,0,0,2,0,2,2,2,0,0,0,2,2,2,2,2,0,2,2,2,2,0,0,2,0,0,2,2,2,2,2,2,2,0,2,2,2,0,2,2,0,2,0,0,2,2,0,2,0,0,2,2,2,0,0,0,0,0,2,0,0,0,2,2,0,0,2,2,2,0,0,0,0,0,0,0,0,0,0,0,2,0,0,0,0,2,0,2,0,0,0,0,2,0,0,0,0,0,0,2,0,2,0,2,2,0,2,0,0,0,2,2,2,0,0,2,0,2,2,2,0,2,2,0,2,2,2,2,2,2,2,0,2,2,2,2,0,0,0,2,0,0,0,2,0,2,2,0,0,0,0,2,0,2,2,0,0,2,0,2,2,0,2,2,2,2,0,2,2,2,0,2,0,2,0,2,2,0,0,0,2,2,0,0,2,0,2,0,2,0,2,0,0,2,0,0,0,2,2,0,0,2,2,2,2,0,0
67,7B,14200000,2,0,2,0,2,2,0,0,2,0,2,0,2,2,0,0,2,0,2,2,2,0,0,0,2,2,2,2,2,0,2,2,2,2,0,0,2,0,0,2,2,2,2,2,2,2,0,2,2,2,0,2,2,0,2,0,0,2,2,0,2,0,0,2,2,2,0,0,0,0,0,2,0,0,0,2,2,0,0,2,2,2,0,0,0,0,0,0,0,0,0,0,0,2,0,0,0,0,2,0,2,0,0,0,0,2,0,0,0,0,0,0,2,0,2,0,2,2,0,2,0,0,0,2,2,2,0,0,2,0,2,2,2,0,2,2,0,2,2,2,2,2,2,2,0,2,2,2,2,0,0,0,2,0,0,0,2,0,2,2,0,0,0,0,2,0,2,2,0,0,2,0,2,2,0,2,2,2,2,0,2,2,2,0,2,0,2,0,2,2,0,0,0,2,2,0,0,2,0,2,0,2,0,2,0,0,2,0,0,0,2,2,0,0,2,2,2,2,0,0
68,7B,14400000,2,0,2,0,2,2,0,0,2,0,2,0,2,2,0,0,2,0,2,2,2,0,0,0,2,2,2,2,2,0,2,2,2,2,0,0,2,0,0,2,2,2,2,2,2,2,0,2,2,2,0,2,2,0,2,0,0,2,2,0,2,0,0,2,2,2,0,0,0,0,0,2,0,0,0,2,2,0,0,2,2,2,0,0,0,0,0,0,0,0,0,0,0,2,0,0,0,0,2,0,2,0,0,0,0,2,0,0,0,0,0,0,2,0,2,0,2,2,0,2,0,0,0,2,2,2,0,0,2,0,2,2,2,0,2,2,0,2,2,2,2,2,2,2,0,2,2,2,2,0,0,0,2,0,0,0,2,0,2,2,0,0,0,0,2,0,2,2,0,0,2,0,2,2,0,2,2,2,2,0,2,2,2,0,2,0,2,0,2,2,0,0,0,2,2,0,0,2,0,2,0,2,0,2,0,0,2,0,0,0,2,2,0,0,2,2,2,2,0,0
69,7B,14600000,2,0,2,0,2,2,0,0,2,0,2,0,2,2,0,0,2,0,2,2,2,0,0,0,2,2,2,2,2,0,2,2,2,2,0,0,2,0,0,2,2,2,2,2,2,2,0,2,2,2,0,2,2,0,2,0,0,2,2,0,2,0,0,2,2,2,0,0,0,0,0,2,0,0,0,2,2,0,0,2,2,2,0,0,0,0,0,0,0,0,0,0,0,2,0,0,0,0,2,0,2,0,0,0,0,2,0,0,0,0,0,0,2,0,2,0,2,2,0,2,0,0,0,2,2,2,0,0,2,0,2,2,2,0,2,2,0,2,2,2,2,2,2,2,0,2,2,2,2,0,0,0,2,0,0,0,2,0,2,2,0,0,0,0,2,0,2,2,0,0,2,0,2,2,0,2,2,2,2,0,2,2,2,0,2,0,2,0,2,2,0,0,0,2,2,0,0,2,0,2,0,2,0,2,0,0,2,0,0,0,2,2,0,0,2,2,2,2,0,0
70,7B,14800000,2,0,2,0,2,2,0,0,2,0,2,0,2,2,0,0,2,0,2,2,2,0,0,0,2,2,2,2,2,0,2,2,2,2,0,0,2,0,0,2,2,2,2,2,2,2,0,2,2,2,0,2,2,0,2,0,0,2,2,0,2,0,0,2,2,2,0,0,0,0,0,2,0,0,0,2,2,0,0,2,2,2,0,0,0,0,0,0,0,0,0,0,0,2,0,0,0,0,2,0,2,0,0,0,0,2,0,0,0,0,0,0,2,0,2,0,2,2,0,2,0,0,0,2,2,2,0,0,2,0,2,2,2,0,2,2,0,2,2,2,2,2,2,2,0,2,2,2,2,0,0,0,2,0,0,0,2,0,2,2,0,0,0,0,2,0,2,2,0,0,2,0,2,2,0,2,2,2,2,0,2,2,2,0,2,0,2,0,2,2,0,0,0,2,2,0,0,2,0,2,0,2,0,2,0,0,2,0,0,0,2,2,0,0,2,2,2,2,0,0
71,7B,15000000,2,0,0,0,2,0,2,0,2,0,2,2,2,2,0,2,2,2,2,0,0,2,2,0,2,0,2,0,2,2,0,0,2,0,2,2,2,2,0,2,0,0,2,2,2,0,0,0,2,0,0,0,2,0,0,2,2,2,0,0,2,2,2,2,2,2,0,2,0,2,2,2,2,0,0,0,2,0,0,0,0,0,0,2,0,2,0,0,0,2,2,0,0,0,0,2,0,0,2,2,2,0,0,0,0,0,0,2,0,0,0,0,0,0,2,2,0,2,0,2,0,0,0,2,0,0,2,0,2,0,2,2,0,0,0,2,0,0,2,2,0,0,0,0,0,0,2,0,0,2,2,2,2,2,2,0,0,2,0,2,0,0,2,2,2,2,0,0,2,2,0,0,2,2,0,0,2,0,2,2,2,2,2,0,0,0,2,0,0,0,2,0,2,0,0,0,0,0,0,2,2,2,2,2,2,0,0,0,2,0,2,2,0,2,2,0,0,2,2,2
72,7B,15200000,2,0,0,0,2,0,2,0,2,0,2,2,2,2,0,2,2,2,2,0,0,2,2,0,2,0,2,0,2,2,0,0,2,0,2,2,2,2,0,2,0,0,2,2,2,0,0,0,2,0,0,0,2,0,0,2,2,2,0,0,2,2,2,2,2,2,0,2,0,2,2,2,2,0,0,0,2,0,0,0,0,0,0,2,0,2,0,0,0,2,2,0,0,0,0,2,0,0,2,2,2,0,0,0,0,0,0,2,0,0,0,0,0,0,2,2,0,2,0,2,0,0,0,2,0,0,2,0,2,0,2,2,0,0,0,2,0,0,2,2,0,0,0,0,0,0,2,0,0,2,2,2,2,2,2,0,0,2,0,2,0,0,2,2,2,2,0,0,2,2,0,0,2,2,0,0,2,0,2,2,2,2,2,0,0,0,2,0,0,0,2,0,2,0,0,0,0,0,0,2,2,2,2,2,2,0,0,0,2,0,2,2,0,2,2,0,0,2,2,2
73,7B,15400000,2,0,0,0,2,0,2,0,2,0,2,2,2,2,0,2,2,2,2,0,0,2,2,0,2,0,2,0,2,2,0,0,2,0,2,2,2,2,0,2,0,0,2,2,2,0,0,0,2,0,0,0,2,0,0,2,2,2,0,0,2,2,2,2,2,2,0,2,0,2,2,2,2,0,0,0,2,0,0,0,0,0,0,2,0,2,0,0,0,2,2,0,0,0,0,2,0,0,2,2,2,0,0,0,0,0,0,2,0,0,0,0,0,0,2,2,0,2,0,2,0,0,0,2,0,0,2,0,2,0,2,2,0,0,0,2,0,0,2,2,0,0,0,0,0,0,2,0,0,2,2,2,2,2,2,0,0,2,0,2,0,0,2,2,2,2,0,0,2,2,0,0,2,2,0,0,2,0,2,2,2,2,2,0,0,0,2,0,0,0,2,0,2,0,0,0,0,0,0,2,2,2,2,2,2,0,0,0,2,0,2,2,0,2,2,0,0,2,2,2
74,7B,15600000,2,0,0,0,2,0,2,0,2,0,2,2,2,2,0,2,2,2,2,0,0,2,2,0,2,0,2,0,2,2,0,0,2,0,2,2,2,2,0,2,0,0,2,2,2,0,0,0,2,0,0,0,2,0,0,2,2,2,0,0,2,2,2,2,2,2,0,2,0,2,2,2,2,0,0,0,2,0,0,0,0,0,0,2,0,2,0,0,0,2,2,0,0,0,0,2,0,0,2,2,2,0,0,0,0,0,0,2,0,0,0,0,0,0,2,2,0,2,0,2,0,0,0,2,0,0,2,0,2,0,2,2,0,0,0,2,0,0,2,2,0,0,0,0,0,0,2,0,0,2,2,2,2,2,2,0,0,2,0,2,0,0,2,2,2,2,0,0,2,2,0,0,2,2,0,0,2,0,2,2,2,2,2,0,0,0,2,0,0,0,2,0,2,0,0,0,0,0,0,2,2,2,2,2,2,0,0,0,2,0,2,2,0,2,2,0,0,2,2,2
75,7B,15800000,2,0,0,0,2,0,2,0,2,0,2,2,2,2,0,2,2,2,2,0,0,2,2,0,2,0,2,0,2,2,0,0,2,0,2,2,2,2,0,2,0,0,2,2,2,0,0,0,2,0,0,0,2,0,0,2,2,2,0,0,2,2,2,2,2,2,0,2,0,2,2,2,2,0,0,0,2,0,0,0,0,0,0,2,0,2,0,0,0,2,2,0,0,0,0,2,0,0,2,2,2,0,0,0,0,0,0,2,0,0,0,0,0,0,2,2,0,2,0,2,0,0,0,2,0,0,2,0,2,0,2,2,0,0,0,2,0,0,2,2,0,0,0,0,0,0,2,0,0,2,2,2,2,2,2,0,0,2,0,2,0,0,2,2,2,2,0,0,2,2,0,0,2,2,0,0,2,0,2,2,2,2,2,0,0,0,2,0,0,0,2,0,2,0,0,0,0,0,0,2,2,2,2,2,2,0,0,0,2,0,2,2,0,2,2,0,0,2,2,2
76,7B,16000000,2,2,0,0,2,2,0,0,2,2,0,2,0,2,0,0,2,2,0,0,2,0,2,2,2,2,2,2,2,2,2,0,0,2,2,0,0,0,2,0,0,0,0,2,2,2,2,0,2,2,2,0,0,0,0,2,0,0,0,2,2,2,2,0,2,0,0,2,0,0,0,0,2,0,0,2,0,2,0,2,2,0,2,2,0,2,0,2,2,0,2,2,0,2,0,2,2,0,0,2,2,0,0,0,2,2,2,0,2,2,2,2,2,0,2,2,2,0,0,0,2,0,2,0,2,0,2,0,2,2,0,2,0,2,2,2,0,2,2,2,2,0,2,2,0,0,0,0,0,0,0,0,2,2,0,2,2,0,2,2,2,0,0,0,2,2,0,0,0,2,2,2,0,0,0,0,2,0,0,0,0,2,0,2,0,0,2,2,0,2,0,0,2,0,2,0,2,2,2,2,2,2,0,2,2,2,0,2,2,0,0,2,0,2,2,2,2,2,0,2
77,7B,16200000,2,2,0,0,2,2,0,0,2,2,0,2,0,2,0,0,2,2,0,0,2,0,2,2,2,2,2,2,2,2,2,0,0,2,2,0,0,0,2,0,0,0,0,2,2,2,2,0,2,2,2,0,0,0,0,2,0,0,0,2,2,2,2,0,2,0,0,2,0,0,0,0,2,0,0,2,0,2,0,2,2,0,2,2,0,2,0,2,2,0,2,2,0,2,0,2,2,0,0,2,2,0,0,0,2,2,2,0,2,2,2,2,2,0,2,2,2,0,0,0,2,0,2,0,2,0,2,0,2,2,0,2,0,2,2,2,0,2,2,2,2,0,2,2,0,0,0,0,0,0,0,0,2,2,0,2,2,0,2,2,2,0,0,0,2,2,0,0,0,2,2,2,0,0,0,0,2,0,0,0,0,2,0,2,0,0,2,2,0,2,0,0,2,0,2,0,2,2,2,2,2,2,0,2,2,2,0,2,2,0,0,2,0,2,2,2,2,2,0,2
78,7B,16400000,2,2,0,0,2,2,0,0,2,2,0,2,0,2,0,0,2,2,0,0,2,0,2,2,2,2,2,2,2,2,2,0,0,2,2,0,0,0,2,0,0,0,0,2,2,2,2,0,2,2,2,0,0,0,0,2,0,0,0,2,2,2,2,0,2,0,0,2,0,0,0,0,2,0,0,2,0,2,0,2,2,0,2,2,0,2,0,2,2,0,2,2,0,2,0,2,2,0,0,2,2,0,0,0,2,2,2,0,2,2,2,2,2,0,2,2,2,0,0,0,2,0,2,0,2,0,2,0,2,2,0,2,0,2,2,2,0,2,2,2,2,0,2,2,0,0,0,0,0,0,0,0,2,2,0,2,2,0,2,2,2,0,0,0,2,2,0,0,0,2,2,2,0,0,0,0,2,0,0,0,0,2,0,2,0,0,2,2,0,2,0,0,2,0,2,0,2,2,2,2,2,2,0,2,2,2,0,2,2,0,0,2,0,2,2,2,2,2,0,2
79,7B,16600000,2,2,0,0,2,2,0,0,2,2,0,2,0,2,0,0,2,2,0,0,2,0,2,2,2,2,2,2,2,2,2,0,0,2,2,0,0,0,2,0,0,0,0,2,2,2,2,0,2,2,2,0,0,0,0,2,0,0,0,2,2,2,2,0,2,0,0,2,0,0,0,0,2,0,0,2,0,2,0,2,2,0,2,2,0,2,0,2,2,0,2,2,0,2,0,2,2,0,0,2,2,0,0,0,2,2,2,0,2,2,2,2,2,0,2,2,2,0,0,0,2,0,2,0,2,0,2,0,2,2,0,2,0,2,2,2,0,2,2,2,2,0,2,2,0,0,0,0,0,0,0,0,2,2,0,2,2,0,2,2,2,0,0,0,2,2,0,0,0,2,2,2,0,0,0,0,2,0,0,0,0,2,0,2,0,0,2,2,0,2,0,0,2,0,2,0,2,2,2,2,2,2,0,2,2,2,0,2,2,0,0,2,0,2,2,2,2,2,0,2
80,7B,16800000,2,2,0,0,2,2,0,0,2,2,0,2,0,2,0,0,2,2,0,0,2,0,2,2,2,2,2,2,2,2,2,0,0,2,2,0,0,0,2,0,0,0,0,2,2,2,2,0,2,2,2,0,0,0,0,2,0,0,0,2,2,2,2,0,2,0,0,2,0,0,0,0,2,0,0,2,0,2,0,2,2,0,2,2,0,2,0,2,2,0,2,2,0,2,0,2,2,0,0,2,2,0,0,0,2,2,2,0,2,2,2,2,2,0,2,2,2,0,0,0,2,0,2,0,2,0,2,0,2,2,0,2,0,2,2,2,0,2,2,2,2,0,2,2,0,0,0,0,0,0,0,0,2,2,0,2,2,0,2,2,2,0,0,0,2,2,0,0,0,2,2,2,0,0,0,0,2,0,0,0,0,2,0,2,0,0,2,2,0,2,0,0,2,0,2,0,2,2,2,2,2,2,0,2,2,2,0,2,2,0,0,2,0,2,2,2,2,2,0,2
81,7B,17000000,2,2,0,2,0,0,0,2,0,2,0,2,2,2,0,2,2,2,0,0,2,2,0,0,0,2,0,2,2,0,0,0,2,0,2,2,2,2,2,2,2,0,0,2,0,2,0,2,0,0,2,0,2,0,0,0,2,0,0,0,0,0,2,0,0,2,2,2,2,0,2,0,0,0,0,0,2,0,2,2,0,2,0,2,0,0,2,0,0,2,2,0,0,2,2,2,0,0,2,0,0,2,0,2,2,0,2,2,2,0,0,0,2,0,2,0,0,0,0,0,2,0,2,2,0,0,2,2,2,2,0,0,2,2,2,2,0,0,0,2,2,2,2,0,0,2,0,0,2,0,2,0,2,0,2,0,0,0,0,2,2,2,2,0,0,0,2,0,0,0,2,0,0,0,2,0,0,0,2,0,0,0,0,2,0,0,0,0,2,0,0,2,2,0,0,0,2,0,2,0,0,2,0,0,2,0,0,0,0,2,0,0,0,0,0,2,2,0,2,2
82,7B,17200000,2,2,0,2,0,0,0,2,0,2,0,2,2,2,0,2,2,2,0,0,2,2,0,0,0,2,0,2,2,0,0,0,2,0,2,2,2,2,2,2,2,0,0,2,0,2,0,2,0,0,2,0,2,0,0,0,2,0,0,0,0,0,2,0,0,2,2,2,2,0,2,0,0,0,0,0,2,0,2,2,0,2,0,2,0,0,2,0,0,2,2,0,0,2,2,2,0,0,2,0,0,2,0,2,2,0,2,2,2,0,0,0,2,0,2,0,0,0,0,0,2,0,2,2,0,0,2,2,2,2,0,0,2,2,2,2,0,0,0,2,2,2,2,0,0,2,0,0,2,0,2,0,2,0,2,0,0,0,0,2,2,2,2,0,0,0,2,0,0,0,2,0,0,0,2,0,0,0,2,0,0,0,0,2,0,0,0,0,2,0,0,2,2,0,0,0,2,0,2,0,0,2,0,0,2,0,0,0,0,2,0,0,0,0,0,2,2,0,2,2
83,7B,17400000,2,2,0,2,0,0,0,2,0,2,0,2,2,2,0,2,2,2,0,0,2,2,0,0,0,2,0,2,2,0,0,0,2,0,2,2,2,2,2,2,2,0,0,2,0,2,0,2,0,0,2,0,2,0,0,0,2,0,0,0,0,0,2,0,0,2,2,2,2,0,2,0,0,0,0,0,2,0,2,2,0,2,0,2,0,0,2,0,0,2,2,0,0,2,2,2,0,0,2,0,0,2,0,2,2,0,2,2,2,0,0,0,2,0,2,0,0,0,0,0,2,0,2,2,0,0,2,2,2,2,0,0,2,2,2,2,0,0,0,2,2,2,2,0,0,2,0,0,2,0,2,0,2,0,2,0,0,0,0,2,2,2,2,0,0,0,2,0,0,0,2,0,0,0,2,0,0,0,2,0,0,0,0,2,0,0,0,0,2,0,0,2,2,0,0,0,2,0,2,0,0,2,0,0,2,0,0,0,0,2,0,0,0,0,0,2,2,0,2,2
84,7B,17600000,2,2,0,2,0,0,0,2,0,2,0,2,2,2,0,2,2,2,0,0,2,2,0,0,0,2,0,2,2,0,0,0,2,0,2,2,2,2,2,2,2,0,0,2,0,2,0,2,0,0,2,0,2,0,0,0,2,0,0,0,0,0,2,0,0,2,2,2,2,0,2,0,0,0,0,0,2,0,2,2,0,2,0,2,0,0,2,0,0,2,2,0,0,2,2,2,0,0,2,0,0,2,0,2,2,0,2,2,2,0,0,0,2,0,2,0,0,0,0,0,2,0,2,2,0,0,2,2,2,2,0,0,2,2,2,2,0,0,0,2,2,2,2,0,0,2,0,0,2,0,2,0,2,0,2,0,0,0,0,2,2,2,2,0,0,0,2,0,0,0,2,0,0,0,2,0,0,0,2,0,0,0,0,2,0,0,0,0,2,0,0,2,2,0,0,0,2,0,2,0,0,2,0,0,2,0,0,0,0,2,0,0,0,0,0,2,2,0,2,2
85,7B,17800000,2,2,0,2,0,0,0,2,0,2,0,2,2,2,0,2,2,2,0,0,2,2,0,0,0,2,0,2,2,0,0,0,2,0,2,2,2,2,2,2,2,0,0,2,0,2,0,2,0,0,2,0,2,0,0,0,2,0,0,0,0,0,2,0,0,2,2,2,2,0,2,0,0,0,0,0,2,0,2,2,0,2,0,2,0,0,2,0,0,2,2,0,0,2,2,2,0,0,2,0,0,2,0,2,2,0,2,2,2,0,0,0,2,0,2,0,0,0,0,0,2,0,2,2,0,0,2,2,2,2,0,0,2,2,2,2,0,0,0,2,2,2,2,0,0,2,0,0,2,0,2,0,2,0,2,0,0,0,0,2,2,2,2,0,0,0,2,0,0,0,2,0,0,0,2,0,0,0,2,0,0,0,0,2,0,0,0,0,2,0,0,2,2,0,0,0,2,0,2,0,0,2,0,0,2,0,0,0,0,2,0,0,0,0,0,2,2,0,2,2
86,7B,18000000,2,2,0,2,2,0,0,2,0,2,2,0,0,0,0,2,2,0,0,2,2,2,2,0,0,0,0,0,2,2,2,0,2,2,0,0,2,2,0,2,0,2,0,2,0,0,2,2,0,2,2,0,2,2,0,0,2,0,0,0,0,0,0,0,2,0,2,2,0,0,2,2,2,0,2,0,2,2,0,0,2,0,2,0,2,0,2,2,0,0,2,0,2,2,2,0,2,0,0,0,0,0,0,0,0,2,0,0,0,0,0,2,2,2,0,2,0,2,2,2,0,0,0,2,0,0,0,2,2,2,2,0,2,0,0,0,0,2,2,0,0,0,2,2,2,0,2,2,0,2,2,2,0,2,2,0,2,2,2,2,0,2,0,0,0,0,2,0,0,0,0,0,2,2,2,0,0,0,2,2,0,2,2,2,0,0,0,0,0,2,2,2,2,2,0,2,0,0,0,2,0,2,0,2,0,2,2,2,0,0,0,0,2,0,2,0,0,2,2,2
87,7B,18200000,2,2,0,2,2,0,0,2,0,2,2,0,0,0,0,2,2,0,0,2,2,2,2,0,0,0,0,0,2,2,2,0,2,2,0,0,2,2,0,2,0,2,0,2,0,0,2,2,0,2,2,0,2,2,0,0,2,0,0,0,0,0,0,0,2,0,2,2,0,0,2,2,2,0,2,0,2,2,0,0,2,0,2,0,2,0,2,2,0,0,2,0,2,2,2,0,2,0,0,0,0,0,0,0,0,2,0,0,0,0,0,2,2,2,0,2,0,2,2,2,0,0,0,2,0,0,0,2,2,2,2,0,2,0,0,0,0,2,2,0,0,0,2,2,2,0,2,2,0,2,2,2,0,2,2,0,2,2,2,2,0,2,0,0,0,0,2,0,0,0,0,0,2,2,2,0,0,0,2,2,0,2,2,2,0,0,0,0,0,2,2,2,2,2,0,2,0,0,0,2,0,2,0,2,0,2,2,2,0,0,0,0,2,0,2,0,0,2,2,2
88,7B,18400000,2,2,0,2,2,0,0,2,0,2,2,0,0,0,0,2,2,0,0,2,2,2,2,0,0,0,0,0,2,2,2,0,2,2,0,0,2,2,0,2,0,2,0,2,0,0,2,2,0,2,2,0,2,2,0,0,2,0,0,0,0,0,0,0,2,0,2,2,0,0,2,2,2,0,2,0,2,2,0,0,2,0,2,0,2,0,2,2,0,0,2,0,2,2,2,0,2,0,0,0,0,0,0,0,0,2,0,0,0,0,0,2,2,2,0,2,0,2,2,2,0,0,0,2,0,0,0,2,2,2,2,0,2,0,0,0,0,2,2,0,0,0,2,2,2,0,2,2,0,2,2,2,0,2,2,0,2,2,2,2,0,2,0,0,0,0,2,0,0,0,0,0,2,2,2,0,0,0,2,2,0,2,2,2,0,0,0,0,0,2,2,2,2,2,0,2,0,0,0,2,0,2,0,2,0,2,2,2,0,0,0,0,2,0,2,0,0,2,2,2
89,7B,18600000,2,2,0,2,2,0,0,2,0,2,2,0,0,0,0,2,2,0,0,2,2,2,2,0,0,0,0,0,2,2,2,0,2,2,0,0,2,2,0,2,0,2,0,2,0,0,2,2,0,2,2,0,2,2,0,0,2,0,0,0,0,0,0,0,2,0,2,2,0,0,2,2,2,0,2,0,2,2,0,0,2,0,2,0,2,0,2,2,0,0,2,0,2,2,2,0,2,0,0,0,0,0,0,0,0,2,0,0,0,0,0,2,2,2,0,2,0,2,2,2,0,0,0,2,0,0,0,2,2,2,2,0,2,0,0,0,0,2,2,0,0,0,2,2,2,0,2,2,0,2,2,2,0,2,2,0,2,2,2,2,0,2,0,0,0,0,2,0,0,0,0,0,2,2,2,0,0,0,2,2,0,2,2,2,0,0,0,0,0,2,2,2,2,2,0,2,0,0,0,2,0,2,0,2,0,2,2,2,0,0,0,0,2,0,2,0,0,2,2,2
90,7B,18800000,2,2,0,2,2,0,0,2,0,2,2,0,0,0,0,2,2,0,0,2,2,2,2,0,0,0,0,0,2,2,2,0,2,2,0,0,2,2,0,2,0,2,0,2,0,0,2,2,0,2,2,0,2,2,0,0,2,0,0,0,0,0,0,0,2,0,2,2,0,0,2,2,2,0,2,0,2,2,0,0,2,0,2,0,2,0,2,2,0,0,2,0,2,2,2,0,2,0,0,0,0,0,0,0,0,2,0,0,0,0,0,2,2,2,0,2,0,2,2,2,0,0,0,2,0,0,0,2,2,2,2,0,2,0,0,0,0,2,2,0,0,0,2,2,2,0,2,2,0,2,2,2,0,2,2,0,2,2,2,2,0,2,0,0,0,0,2,0,0,0,0,0,2,2,2,0,0,0,2,2,0,2,2,2,0,0,0,0,0,2,2,2,2,2,0,2,0,0,0,2,0,2,0,2,0,2,2,2,0,0,0,0,2,0,2,0,0,2,2,2
91,7B,19000000,0,2,0,0,2,2,0,2,0,2,0,2,0,0,2,0,0,2,0,2,0,2,2,2,2,2,0,2,2,2,0,2,2,0,0,0,0,0,2,2,0,2,2,2,0,0,2,0,2,2,2,0,0,2,2,0,2,2,0,0,2,0,2,2,2,0,0,2,2,0,2,2,0,0,0,0,0,0,0,2,0,0,2,2,2,0,0,2,2,0,0,2,0,2,2,2,2,0,0,0,2,2,2,2,2,2,0,2,2,0,2,2,0,0,0,0,0,2,0,0,0,2,2,0,2,2,0,0,0,0,2,0,2,2,0,0,2,0,0,2,0,0,0,2,2,0,0,2,2,0,0,0,2,2,2,0,2,0,0,2,0,2,2,2,2,0,0,0,0,0,2,0,2,0,2,0,0,2,0,0,2,0,2,2,0,2,0,0,0,0,0,0,0,0,0,0,2,2,0,0,0,2,2,0,0,2,2,2,0,0,0,0,0,2,0,0,0,2,2,2
92,7B,19200000,0,2,0,0,2,2,0,2,0,2,0,2,0,0,2,0,0,2,0,2,0,2,2,2,2,2,0,2,2,2,0,2,2,0,0,0,0,0,2,2,0,2,2,2,0,0,2,0,2,2,2,0,0,2,2,0,2,2,0,0,2,0,2,2,2,0,0,2,2,0,2,2,0,0,0,0,0,0,0,2,0,0,2,2,2,0,0,2,2,0,0,2,0,2,2,2,2,0,0,0,2,2,2,2,2,2,0,2,2,0,2,2,0,0,0,0,0,2,0,0,0,2,2,0,2,2,0,0,0,0,2,0,2,2,0,0,2,0,0,2,0,0,0,2,2,0,0,2,2,0,0,0,2,2,2,0,2,0,0,2,0,2,2,2,2,0,0,0,0,0,2,0,2,0,2,0,0,2,0,0,2,0,2,2,0,2,0,0,0,0,0,0,0,0,0,0,2,2,0,0,0,2,2,0,0,2,2,2,0,0,0,0,0,2,0,0,0,2,2,2
93,7B,19400000,0,2,0,0,2,2,0,2,0,2,0,2,0,0,2,0,0,2,0,2,0,2,2,2,2,2,0,2,2,2,0,2,2,0,0,0,0,0,2,2,0,2,2,2,0,0,2,0,2,2,2,0,0,2,2,0,2,2,0,0,2,0,2,2,2,0,0,2,2,0,2,2,0,0,0,0,0,0,0,2,0,0,2,2,2,0,0,2,2,0,0,2,0,2,2,2,2,0,0,0,2,2,2,2,2,2,0,2,2,0,2,2,0,0,0,0,0,2,0,0,0,2,2,0,2,2,0,0,0,0,2,0,2,2,0,0,2,0,0,2,0,0,0,2,2,0,0,2,2,0,0,0,2,2,2,0,2,0,0,2,0,2,2,2,2,0,0,0,0,0,2,0,2,0,2,0,0,2,0,0,2,0,2,2,0,2,0,0,0,0,0,0,0,0,0,0,2,2,0,0,0,2,2,0,0,2,2,2,0,0,0,0,0,2,0,0,0,2,2,2
94,7B,19600000,0,2,0,0,2,2,0,2,0,2,0,2,0,0,2,0,0,2,0,2,0,2,2,2,2,2,0,2,2,2,0,2,2,0,0,0,0,0,2,2,0,2,2,2,0,0,2,0,2,2,2,0,0,2,2,0,2,2,0,0,2,0,2,2,2,0,0,2,2,0,2,2,0,0,0,0,0,0,0,2,0,0,2,2,2,0,0,2,2,0,0,2,0,2,2,2,2,0,0,0,2,2,2,2,2,2,0,2,2,0,2,2,0,0,0,0,0,2,0,0,0,2,2,0,2,2,0,0,0,0,2,0,2,2,0,0,2,0,0,2,0,0,0,2,2,0,0,2,2,0,0,0,2,2,2,0,2,0,0,2,0,2,2,2,2,0,0,0,0,0,2,0,2,0,2,0,0,2,0,0,2,0,2,2,0,2,0,0,0,0,0,0,0,0,0,0,2,2,0,0,0,2,2,0,0,2,2,2,0,0,0,0,0,2,0,0,0,2,2,2
95,7B,19800000,0,2,0,0,2,2,0,2,0,2,0,2,0,0,2,0,0,2,0,2,0,2,2,2,2,2,0,2,2,2,0,2,2,0,0,0,0,0,2,2,0,2,2,2,0,0,2,0,2,2,2,0,0,2,2,0,2,2,0,0,2,0,2,2,2,0,0,2,2,0,2,2,0,0,0,0,0,0,0,2,0,0,2,2,2,0,0,2,2,0,0,2,0,2,2,2,2,0,0,0,2,2,2,2,2,2,0,2,2,0,2,2,0,0,0,0,0,2,0,0,0,2,2,0,2,2,0,0,0,0,2,0,2,2,0,0,2,0,0,2,0,0,0,2,2,0,0,2,2,0,0,0,2,2,2,0,2,0,0,2,0,2,2,2,2,0,0,0,0,0,2,0,2,0,2,0,0,2,0,0,2,0,2,2,0,2,0,0,0,0,0,0,0,0,0,0,2,2,0,0,0,2,2,0,0,2,2,2,0,0,0,0,0,2,0,0,0,2,2,2
96,7B,20000000,0,0,2,0,0,2,0,2,2,0,0,2,0,0,2,0,2,0,2,0,0,0,2,2,0,0,0,0,2,2,2,0,2,2,2,2,2,0,2,0,0,2,2,0,0,2,2,2,0,2,0,0,0,0,2,0,0,2,2,2,2,2,0,0,2,2,2,0,2,0,0,2,2,2,2,2,2,0,0,2,0,0,0,0,2,0,0,0,2,2,0,0,2,0,2,2,2,0,2,2,2,2,0,0,2,2,2,0,0,2,2,0,0,0,2,2,2,2,2,0,0,0,2,2,0,0,0,0,2,2,0,0,2,0,0,2,0,0,0,0,0,2,2,0,0,0,0,2,0,0,2,0,0,2,0,2,2,2,2,2,2,2,2,0,2,2,2,2,0,0,0,2,0,2,2,0,2,2,2,2,2,2,0,2,0,0,2,0,2,0,2,2,2,2,2,0,2,2,0,0,0,2,0,2,2,0,0,0,0,0,0,0,2,0,0,0,0,0,0,0
97,7B,20200000,0,0,2,0,0,2,0,2,2,0,0,2,0,0,2,0,2,0,2,0,0,0,2,2,0,0,0,0,2,2,2,0,2,2,2,2,2,0,2,0,0,2,2,0,0,2,2,2,0,2,0,0,0,0,2,0,0,2,2,2,2,2,0,0,2,2,2,0,2,0,0,2,2,2,2,2,2,0,0,2,0,0,0,0,2,0,0,0,2,2,0,0,2,0,2,2,2,0,2,2,2,2,0,0,2,2,2,0,0,2,2,0,0,0,2,2,2,2,2,0,0,0,2,2,0,0,0,0,2,2,0,0,2,0,0,2,0,0,0,0,0,2,2,0,0,0,0,2,0,0,2,0,0,2,0,2,2,2,2,2,2,2,2,0,2,2,2,2,0,0,0,2,0,2,2,0,2,2,2,2,2,2,0,2,0,0,2,0,2,0,2,2,2,2,2,0,2,2,0,0,0,2,0,2,2,0,0,0,0,0,0,0,2,0,0,0,0,0,0,0
98,7B,20400000,0,0,2,0,0,2,0,2,2,0,0,2,0,0,2,0,2,0,2,0,0,0,2,2,0,0,0,0,2,2,2,0,2,2,2,2,2,0,2,0,0,2,2,0,0,2,2,2,0,2,0,0,0,0,2,0,0,2,2,2,2,2,0,0,2,2,2,0,2,0,0,2,2,2,2,2,2,0,0,2,0,0,0,0,2,0,0,0,2,2,0,0,2,0,2,2,2,0,2,2,2,2,0,0,2,2,2,0,0,2,2,0,0,0,2,2,2,2,2,0,0,0,2,2,0,0,0,0,2,2,0,0,2,0,0,2,0,0,0,0,0,2,2,0,0,0,0,2,0,0,2,0,0,2,0,2,2,2,2,2,2,2,2,0,2,2,2,2,0,0,0,2,0,2,2,0,2,2,2,2,2,2,0,2,0,0,2,0,2,0,2,2,2,2,2,0,2,2,0,0,0,2,0,2,2,0,0,0,0,0,0,0,2,0,0,0,0,0,0,0
99,7B,20600000,0,0,2,0,0,2,0,2,2,0,0,2,0,0,2,0,2,0,2,0,0,0,2,2,0,0,0,0,2,2,2,0,2,2,2,2,2,0,2,0,0,2,2,0,0,2,2,2,0,2,0,0,0,0,2,0,0,2,2,2,2,2,0,0,2,2,2,0,2,0,0,2,2,2,2,2,2,0,0,2,0,0,0,0,2,0,0,0,2,2,0,0,2,0,2,2,2,0,2,2,2,2,0,0,2,2,2,0,0,2,2,0,0,0,2,2,2,2,2,0,0,0,2,2,0,0,0,0,2,2,0,0,2,0,0,2,0,0,0,0,0,2,2,0,0,0,0,2,0,0,2,0,0,2,0,2,2,2,2,2,2,2,2,0,2,2,2,2,0,0,0,2,0,2,2,0,2,2,2,2,2,2,0,2,0,0,2,0,2,0,2,2,2,2,2,0,2,2,0,0,0,2,0,2,2,0,0,0,0,0,0,0,2,0,0,0,0,0,0,0
100,7B,20800000,0,0,2,0,0,2,0,2,2,0,0,2,0,0,2,0,2,0,2,0,0,0,2,2,0,0,0,0,2,2,2,0,2,2,2,2,2,0,2,0,0,2,2,0,0,2,2,2,0,2,0,0,0,0,2,0,0,2,2,2,2,2,0,0,2,2,2,0,2,0,0,2,2,2,2,2,2,0,0,2,0,0,0,0,2,0,0,0,2,2,0,0,2,0,2,2,2,0,2,2,2,2,0,0,2,2,2,0,0,2,2,0,0,0,2,2,2,2,2,0,0,0,2,2,0,0,0,0,2,2,0,0,2,0,0,2,0,0,0,0,0,2,2,0,0,0,0,2,0,0,2,0,0,2,0,2,2,2,2,2,2,2,2,0,2,2,2,2,0,0,0,2,0,2,2,0,2,2,2,2,2,2,0,2,0,0,2,0,2,0,2,2,2,2,2,0,2,2,0,0,0,2,0,2,2,0,0,0,0,0,0,0,2,0,0,0,0,0,0,0
